-- MySQL dump 10.13  Distrib 8.0.29, for macos12 (x86_64)
--
-- Host: localhost    Database: AGDP
-- ------------------------------------------------------
-- Server version	8.0.29

/*!40101 SET @OLD_CHARACTER_SET_CLIENT=@@CHARACTER_SET_CLIENT */;
/*!40101 SET @OLD_CHARACTER_SET_RESULTS=@@CHARACTER_SET_RESULTS */;
/*!40101 SET @OLD_COLLATION_CONNECTION=@@COLLATION_CONNECTION */;
/*!50503 SET NAMES utf8mb4 */;
/*!40103 SET @OLD_TIME_ZONE=@@TIME_ZONE */;
/*!40103 SET TIME_ZONE='+00:00' */;
/*!40014 SET @OLD_UNIQUE_CHECKS=@@UNIQUE_CHECKS, UNIQUE_CHECKS=0 */;
/*!40014 SET @OLD_FOREIGN_KEY_CHECKS=@@FOREIGN_KEY_CHECKS, FOREIGN_KEY_CHECKS=0 */;
/*!40101 SET @OLD_SQL_MODE=@@SQL_MODE, SQL_MODE='NO_AUTO_VALUE_ON_ZERO' */;
/*!40111 SET @OLD_SQL_NOTES=@@SQL_NOTES, SQL_NOTES=0 */;

--
-- Table structure for table `barter`
--

DROP TABLE IF EXISTS `barter`;
/*!40101 SET @saved_cs_client     = @@character_set_client */;
/*!50503 SET character_set_client = utf8mb4 */;
CREATE TABLE `barter` (
  `con_id` int NOT NULL,
  `sell_id` int NOT NULL,
  `wish_id` int NOT NULL,
  `status` varchar(6) NOT NULL,
  PRIMARY KEY (`con_id`,`sell_id`,`wish_id`,`status`)
) ENGINE=InnoDB DEFAULT CHARSET=utf8mb4 COLLATE=utf8mb4_0900_ai_ci;
/*!40101 SET character_set_client = @saved_cs_client */;

--
-- Dumping data for table `barter`
--

LOCK TABLES `barter` WRITE;
/*!40000 ALTER TABLE `barter` DISABLE KEYS */;
/*!40000 ALTER TABLE `barter` ENABLE KEYS */;
UNLOCK TABLES;

--
-- Table structure for table `category`
--

DROP TABLE IF EXISTS `category`;
/*!40101 SET @saved_cs_client     = @@character_set_client */;
/*!50503 SET character_set_client = utf8mb4 */;
CREATE TABLE `category` (
  `ID` int NOT NULL,
  `name` varchar(70) NOT NULL,
  PRIMARY KEY (`ID`)
) ENGINE=InnoDB DEFAULT CHARSET=utf8mb4 COLLATE=utf8mb4_0900_ai_ci;
/*!40101 SET character_set_client = @saved_cs_client */;

--
-- Dumping data for table `category`
--

LOCK TABLES `category` WRITE;
/*!40000 ALTER TABLE `category` DISABLE KEYS */;
INSERT INTO `category` VALUES (0,'World War II'),(1,'Golf'),(2,'Precision Platformer'),(3,'Blood'),(4,'Retro'),(5,'On-Rails Shooter'),(6,'Puzzle-Platformer'),(7,'Spectacle fighter'),(8,'Nostalgia'),(9,'Gothic'),(10,'Local Multiplayer'),(11,'1980s'),(12,'Trains'),(13,'Supernatural'),(14,'Based On A Novel'),(15,'Sandbox'),(16,'Text-Based'),(17,'Looter Shooter'),(18,'eSports'),(19,'2D Platformer'),(20,'3D Fighter'),(21,'Platformer'),(22,'Hack and Slash'),(23,'Card Game'),(24,'Underground'),(25,'War'),(26,'Relaxing'),(27,'Free to Play'),(28,'Dark Comedy'),(29,'Remake'),(30,'Sequel'),(31,'Alternate History'),(32,'Space Sim'),(33,'Detective'),(34,'Stealth'),(35,'Nature'),(36,'Cartoony'),(37,'RPGMaker'),(38,'4 Player Local'),(39,'Aliens'),(40,'Auto Battler'),(41,'Education'),(42,'Physics'),(43,'Mouse only'),(44,'Submarine'),(45,'Musou'),(46,'Motorbike'),(47,'Asynchronous Multiplayer'),(48,'Perma Death'),(49,'Stylized'),(50,'Demons'),(51,'Lore-Rich'),(52,'Base Building'),(53,'VR'),(54,'Life Sim'),(55,'Gaming'),(56,'Word Game'),(57,'Turn-Based Combat'),(58,'Pirates'),(59,'Romance'),(60,'Immersive'),(61,'Assassin'),(62,'Music-Based Procedural Generation'),(63,'Bikes'),(64,'Soundtrack'),(65,'Martial Arts'),(66,'Basketball'),(67,'Linear'),(68,'Dark Fantasy'),(69,'Great Soundtrack'),(70,'Dungeons & Dragons'),(71,'Hunting'),(72,'Fighting'),(73,'NSFW'),(74,'Science'),(75,'Escape Room'),(76,'Automation'),(77,'Artificial Intelligence'),(78,'Narration'),(79,'Vehicular Combat'),(80,'Gore'),(81,'Soccer'),(82,'Point & Click'),(83,'Experimental'),(84,'Real-Time with Pause'),(85,'Open World Survival Craft'),(86,'Sports'),(87,'Combat Racing'),(88,'Satire'),(89,'Epic'),(90,'Mod'),(91,'Farming Sim'),(92,'Collectathon'),(93,'Colorful'),(94,'Realistic'),(95,'Roguelike Deckbuilder'),(96,'Management'),(97,'Shoot \'Em Up'),(98,'Sailing'),(99,'Intentionally Awkward Controls'),(100,'Party'),(101,'RTS'),(102,'FMV'),(103,'Spaceships'),(104,'Mystery'),(105,'Faith'),(106,'Social Deduction'),(107,'Mechs'),(108,'Psychological Horror'),(109,'Cozy'),(110,'Multiple Endings'),(111,'Fishing'),(112,'Inventory Management'),(113,'Fast-Paced'),(114,'Action'),(115,'Rhythm'),(116,'Gun Customization'),(117,'Arena Shooter'),(118,'Story Rich'),(119,'3D'),(120,'Tower Defense'),(121,'Clicker'),(122,'Narrative'),(123,'FPS'),(124,'Racing'),(125,'Superhero'),(126,'Real-Time'),(127,'Conspiracy'),(128,'Foreign'),(129,'Historical'),(130,'Survival'),(131,'Dynamic Narration'),(132,'Arcade'),(133,'Automobile Sim'),(134,'Roguevania'),(135,'Magic'),(136,'Rogue-like'),(137,'Robots'),(138,'Parkour'),(139,'Drama'),(140,'Replay Value'),(141,'Diplomacy'),(142,'Transportation'),(143,'CRPG'),(144,'Side Scroller'),(145,'Match 3'),(146,'Tutorial'),(147,'Creature Collector'),(148,'Offroad'),(149,'Design & Illustration'),(150,'Singleplayer'),(151,'Archery'),(152,'Political'),(153,'Party Game'),(154,'Souls-like'),(155,'Crafting'),(156,'Naval Combat'),(157,'PvP'),(158,'Dystopian '),(159,'Family Friendly'),(160,'Sexual Content'),(161,'Old School'),(162,'Nonlinear'),(163,'Cinematic'),(164,'Motocross'),(165,'Lemmings'),(166,'Touch-Friendly'),(167,'Walking Simulator'),(168,'Real Time Tactics'),(169,'Visual Novel'),(170,'Time Travel'),(171,'Tactical RPG'),(172,'Mythology'),(173,'Episodic'),(174,'Action-Adventure'),(175,'Beat \'em up'),(176,'Western'),(177,'Pinball'),(178,'Time Management'),(179,'Swordplay'),(180,'Asymmetric VR'),(181,'Procedural Generation'),(182,'Agriculture'),(183,'Investigation'),(184,'Rogue-lite'),(185,'Open World'),(186,'Minigames'),(187,'2D'),(188,'Mature'),(189,'Hentai'),(190,'Cooking'),(191,'Farming'),(192,'Cute'),(193,'Lovecraftian'),(194,'LEGO'),(195,'Survival Horror'),(196,'Heist'),(197,'Sci-fi'),(198,'Tabletop'),(199,'Addictive'),(200,'Beautiful'),(201,'Local Co-Op'),(202,'4X'),(203,'Driving'),(204,'God Game'),(205,'Classic'),(206,'LGBTQ+'),(207,'Kickstarter'),(208,'Turn-Based Strategy'),(209,'2.5D'),(210,'Surreal'),(211,'Exploration'),(212,'Crime'),(213,'2D Fighter'),(214,'1990\'s'),(215,'ATV'),(216,'City Builder'),(217,'Atmospheric'),(218,'Controller'),(219,'3D Vision'),(220,'Card Battler'),(221,'Building'),(222,'World War I'),(223,'Tactical'),(224,'Politics'),(225,'Thriller'),(226,'MMORPG'),(227,'Cartoon'),(228,'Team-Based'),(229,'Minimalist'),(230,'Massively Multiplayer'),(231,'Anime'),(232,'Mini Golf'),(233,'Short'),(234,'Wargame'),(235,'Action RPG'),(236,'Character Action Game'),(237,'Simulation'),(238,'Parody '),(239,'Grand Strategy'),(240,'Score Attack'),(241,'Modern'),(242,'JRPG'),(243,'Software'),(244,'Emotional'),(245,'Game Development'),(246,'Mining'),(247,'Capitalism'),(248,'First-Person'),(249,'Difficult'),(250,'Wrestling'),(251,'Nudity'),(252,'Noir'),(253,'Strategy'),(254,'Comic Book'),(255,'Interactive Fiction'),(256,'Hex Grid'),(257,'Memes'),(258,'Vampire'),(259,'Co-op Campaign'),(260,'Violent'),(261,'Resource Management'),(262,'Class-Based'),(263,'Bullet Hell'),(264,'Futuristic'),(265,'Casual'),(266,'Warhammer 40K'),(267,'Psychedelic'),(268,'Choices Matter'),(269,'Co-op'),(270,'Illuminati'),(271,'Pixel Graphics'),(272,'RPG'),(273,'Dinosaurs'),(274,'Crowdfunded'),(275,'Animation & Modeling'),(276,'Logic'),(277,'Horses'),(278,'Cats'),(279,'PvE'),(280,'Deckbuilding'),(281,'Cyberpunk'),(282,'Quick-Time Events'),(283,'Ninja'),(284,'Isometric'),(285,'Zombies'),(286,'Immersive Sim'),(287,'Indie'),(288,'Trading Card Game'),(289,'Comedy'),(290,'Naval'),(291,'Metroidvania'),(292,'Voxel'),(293,'Shooter'),(294,'Horror'),(295,'Hero Shooter'),(296,'Medieval'),(297,'Sniper'),(298,'Runner'),(299,'Dark'),(300,'Multiplayer'),(301,'Post-apocalyptic'),(302,'Board Game'),(303,'Choose Your Own Adventure'),(304,'Tanks'),(305,'Turn-Based'),(306,'Fantasy'),(307,'Competitive'),(308,'Character Customization'),(309,'Third-Person Shooter'),(310,'Dragons'),(311,'Puzzle'),(312,'Top-Down Shooter'),(313,'Idler'),(314,'3D Platformer'),(315,'Top-Down'),(316,'Abstract'),(317,'Trading'),(318,'Utilities'),(319,'Turn-Based Tactics'),(320,'Split Screen'),(321,'Flight'),(322,'Economy'),(323,'Games Workshop'),(324,'Snow'),(325,'Combat'),(326,'Party-Based RPG'),(327,'Online Co-Op'),(328,'Dungeon Crawler'),(329,'Early Access'),(330,'Dark Humor'),(331,'Steampunk'),(332,'Space'),(333,'Photo Editing'),(334,'Conversation'),(335,'Military'),(336,'Third Person'),(337,'Destruction'),(338,'Psychological'),(339,'Twin Stick Shooter'),(340,'Adventure'),(341,'Action Roguelike'),(342,'Rome'),(343,'Battle Royale'),(344,'Dating Sim'),(345,'Hidden Object'),(346,'Funny'),(347,'Action RTS'),(348,'Football'),(349,'Colony Sim'),(350,'America'),(351,'Political Sim'),(352,'Music'),(353,'Underwater'),(354,'Hand-drawn'),(355,'Time Manipulation'),(356,'Level Editor'),(357,'Moddable'),(358,'Female Protagonist'),(359,'TrackIR'),(360,'Wholesome'),(361,'Loot'),(362,'Strategy RPG');
/*!40000 ALTER TABLE `category` ENABLE KEYS */;
UNLOCK TABLES;

--
-- Table structure for table `consumer`
--

DROP TABLE IF EXISTS `consumer`;
/*!40101 SET @saved_cs_client     = @@character_set_client */;
/*!50503 SET character_set_client = utf8mb4 */;
CREATE TABLE `consumer` (
  `ID` int NOT NULL,
  `name` varchar(70) NOT NULL,
  `password` varchar(20) NOT NULL,
  PRIMARY KEY (`ID`)
) ENGINE=InnoDB DEFAULT CHARSET=utf8mb4 COLLATE=utf8mb4_0900_ai_ci;
/*!40101 SET character_set_client = @saved_cs_client */;

--
-- Dumping data for table `consumer`
--

LOCK TABLES `consumer` WRITE;
/*!40000 ALTER TABLE `consumer` DISABLE KEYS */;
/*!40000 ALTER TABLE `consumer` ENABLE KEYS */;
UNLOCK TABLES;

--
-- Table structure for table `develop`
--

DROP TABLE IF EXISTS `develop`;
/*!40101 SET @saved_cs_client     = @@character_set_client */;
/*!50503 SET character_set_client = utf8mb4 */;
CREATE TABLE `develop` (
  `dev_id` int NOT NULL,
  `game_id` int NOT NULL,
  PRIMARY KEY (`dev_id`,`game_id`)
) ENGINE=InnoDB DEFAULT CHARSET=utf8mb4 COLLATE=utf8mb4_0900_ai_ci;
/*!40101 SET character_set_client = @saved_cs_client */;

--
-- Dumping data for table `develop`
--

LOCK TABLES `develop` WRITE;
/*!40000 ALTER TABLE `develop` DISABLE KEYS */;
INSERT INTO `develop` VALUES (0,238090),(0,312660),(0,312670),(0,694280),(0,728740),(0,1029690),(1,281990),(1,394360),(1,529340),(1,1158310),(1,1889490),(2,311210),(2,1938090),(2,2127790),(2,2139266),(3,1238810),(3,1238840),(3,1238860),(3,1517290),(4,268500),(4,289070),(4,368260),(4,2074340),(5,33230),(5,359550),(5,582160),(5,812140),(6,294100),(6,1149640),(6,1392840),(6,1826140),(7,39210),(7,1451090),(7,1462040),(7,1793030),(8,364360),(8,594570),(8,1142710),(8,1824060),(9,377160),(9,489830),(9,1151340),(9,1746860),(10,582010),(10,1196590),(10,1446780),(10,1880360),(11,1938090),(11,2127790),(11,2139266),(12,1938090),(12,2127790),(12,2139266),(13,1938090),(13,2127790),(13,2139266),(14,1938090),(14,2127790),(14,2139266),(15,1938090),(15,2127790),(15,2139266),(16,1938090),(16,2127790),(16,2139266),(17,1938090),(17,2127790),(17,2139266),(18,1938090),(18,2127790),(18,2139266),(19,578650),(19,962130),(19,1205520),(20,752590),(20,1182900),(20,1250410),(21,431240),(21,641990),(21,728880),(22,570940),(22,976310),(22,1496790),(23,268500),(23,364360),(23,594570),(24,268500),(24,364360),(24,594570),(25,1281590),(25,1567020),(25,1577120),(26,976730),(26,1656330),(26,1656370),(27,552500),(27,1361210),(28,305620),(28,2091330),(29,1506830),(29,1811260),(30,1293830),(30,1551360),(31,1255630),(31,1919590),(32,292030),(32,1091500),(33,1248130),(33,2024410),(34,1904540),(34,2017220),(35,4000),(35,252490),(36,1172380),(36,1237970),(37,1817070),(37,1817190),(38,1817070),(38,1817190),(39,460930),(39,812140),(40,460930),(40,812140),(41,640820),(41,1184370),(42,702890),(42,1384160),(43,346110),(43,1113410),(44,346110),(44,1113410),(45,346110),(45,1113410),(46,346110),(46,1113410),(47,289070),(47,311210),(48,270880),(48,1465750),(49,1556790),(49,2197970),(50,397540),(50,1286680),(51,632360),(51,1607890),(52,107410),(52,221100),(53,435150),(53,1086940),(54,244210),(54,805550),(55,368500),(55,812140),(56,359320),(56,703080),(57,976730),(57,1465360),(58,475550),(58,761620),(59,813780),(59,933110),(60,813780),(60,933110),(61,1222690),(61,1238020),(62,219990),(62,1044720),(63,1174180),(64,1846380),(65,1151640),(66,1544020),(67,1426210),(68,1245620),(69,381210),(70,1203220),(71,431960),(72,1145360),(73,1332010),(74,553420),(75,1142710),(76,582660),(77,686810),(78,275850),(79,920210),(80,1954200),(81,992300),(82,1144200),(83,255710),(84,648800),(85,699130),(86,1593500),(87,1167630),(88,513710),(89,1313140),(90,739630),(91,460930),(92,460930),(93,460930),(94,460930),(95,460930),(96,1063730),(97,1172620),(98,4500),(99,892970),(100,413150),(101,289070),(102,1000360),(103,322330),(104,518790),(105,242760),(106,1556790),(107,2149830),(108,2149830),(109,105600),(110,1939160),(111,1030840),(112,1687950),(113,268910),(114,440900),(115,1343240),(116,728880),(117,1592190),(118,1498140),(119,973230),(120,559650),(121,548430),(122,976310),(123,976310),(124,1782120),(125,1237320),(126,1065310),(127,284160),(128,719040),(129,261550),(130,594650),(131,880940),(132,1466860),(133,1466860),(134,1850570),(135,960090),(136,1372110),(137,788100),(138,1336490),(139,1718570),(140,1760250),(141,945360),(142,1794680),(143,799600),(144,250900),(145,250900),(146,815370),(147,1987080),(148,1692250),(149,427520),(150,1868140),(151,1057090),(152,393380),(153,2066020),(154,867210),(155,526870),(156,870780),(157,1659420),(158,1659420),(159,1222730),(160,218620),(161,620980),(162,1942280),(163,1599600),(164,1252330),(165,745920),(166,1217060),(167,1307550),(168,1401590),(169,392160),(170,698670),(171,1286580),(172,1206610),(173,602960),(174,602960),(175,431240),(176,251570),(177,1206560),(178,1649080),(179,813780),(180,1657630),(181,220200),(182,1119730),(183,1063660),(184,1493760),(185,814380),(186,504230),(187,1498570),(188,508440),(189,1148760),(190,1178830),(191,286160),(192,12210),(193,12210),(194,356190),(195,1418630),(196,774361),(197,374320),(198,1062520),(199,1262350),(200,1694420),(201,1533420),(202,2060130),(203,1802870),(204,1527950),(205,379720),(206,653530),(207,2109460),(208,282070),(209,588650),(210,1604030),(211,1361510),(212,1350650),(213,997010),(214,1324130),(215,1190000),(216,1273400),(217,1793030),(218,812140),(219,812140),(220,812140),(221,635260),(222,1588010),(223,613100),(224,1824220),(225,244850),(226,872410),(227,367520),(228,546560),(229,646570),(230,1092790),(231,527430),(232,2209680),(233,1722860),(234,264710),(235,1789480),(236,1621690),(237,453090),(238,1451480),(239,1451480),(240,1290000),(241,1003590),(242,1003590),(243,1003590),(244,976730),(245,976730),(246,976730),(247,1515210),(248,1274570),(249,1629520),(250,612880),(251,534380),(252,1158160),(253,287700),(254,629730),(255,1496790),(256,1089090),(257,536270),(258,1227890),(259,477160),(260,288470),(261,859570),(262,859570),(263,2194700),(264,1435790),(265,1993150),(266,1483870),(267,2074890),(268,655500),(269,1059990),(270,872670),(271,493520),(272,1509960),(273,1062090),(274,1296830),(275,24010),(276,641990),(277,1096530),(278,1288320),(279,1149460),(280,1574580),(281,1296610),(282,1659040),(283,924970),(284,1874490),(285,2151580),(286,1149620),(287,1889490),(288,3590),(289,410900),(290,1562420);
/*!40000 ALTER TABLE `develop` ENABLE KEYS */;
UNLOCK TABLES;

--
-- Table structure for table `developer`
--

DROP TABLE IF EXISTS `developer`;
/*!40101 SET @saved_cs_client     = @@character_set_client */;
/*!50503 SET character_set_client = utf8mb4 */;
CREATE TABLE `developer` (
  `ID` int NOT NULL,
  `name` varchar(70) NOT NULL,
  PRIMARY KEY (`ID`)
) ENGINE=InnoDB DEFAULT CHARSET=utf8mb4 COLLATE=utf8mb4_0900_ai_ci;
/*!40101 SET character_set_client = @saved_cs_client */;

--
-- Dumping data for table `developer`
--

LOCK TABLES `developer` WRITE;
/*!40000 ALTER TABLE `developer` DISABLE KEYS */;
INSERT INTO `developer` VALUES (0,'Rebellion'),(1,'Paradox Development Studio'),(2,'Treyarch'),(3,'DICE'),(4,'Firaxis Games'),(5,'Ubisoft Montreal'),(6,'Ludeon Studios'),(7,'Square Enix'),(8,'CREATIVE ASSEMBLY'),(9,'Bethesda Game Studios'),(10,'CAPCOM Co., Ltd.'),(11,'Infinity Ward'),(12,'Raven Software'),(13,'Beenox'),(14,'High Moon Studios'),(15,'Sledgehammer Games'),(16,'Activision Shanghai'),(17,'Demonware'),(18,'Toys for Bob'),(19,'Obsidian Entertainment'),(20,'Asobo Studio'),(21,'Team17'),(22,'QLOC'),(23,'Feral Interactive (Mac)'),(24,'Feral Interactive (Linux)'),(25,'Supermassive Games'),(26,'Bungie'),(27,'Fatshark'),(28,'Hinterland Studio Inc.'),(29,'EA Canada & EA Romania'),(30,'Playground Games'),(31,'Visual Concepts'),(32,'CD PROJEKT RED'),(33,'Giants Software'),(34,'Sports Interactive'),(35,'Facepunch Studios'),(36,'Respawn Entertainment'),(37,'Insomniac Games'),(38,'Nixxes Software'),(39,'Ubisoft Bucharest'),(40,'Ubisoft Montpellier'),(41,'Owlcat Games'),(42,'Arc System Works'),(43,'Studio Wildcard'),(44,'Instinct Games'),(45,'Efecto Studios'),(46,'Virtual Basement LLC'),(47,'Aspyr (Mac)'),(48,'SCS Software'),(49,'BlackMill Games'),(50,'Gearbox Software'),(51,'Hopoo Games'),(52,'Bohemia Interactive'),(53,'Larian Studios'),(54,'Kunos Simulazioni'),(55,'Ubisoft Quebec'),(56,'Frontier Developments'),(57,'Saber Interactive'),(58,'Warm Lamp Games'),(59,'Forgotten Empires'),(60,'Tantalus Media'),(61,'BioWare'),(62,'Crate Entertainment'),(63,'Rockstar Games'),(64,'Criterion Games'),(65,'Guerrilla'),(66,'Striking Distance Studios'),(67,'Hazelight'),(68,'FromSoftware Inc.'),(69,'Behaviour Interactive Inc.'),(70,'24 Entertainment'),(71,'Wallpaper Engine Team'),(72,'Supergiant Games'),(73,'BlueTwelve Studio'),(74,'TUNIC Team'),(75,'Feral Interactive'),(76,'Pearl Abyss'),(77,'Black Matter Pty Ltd'),(78,'Hello Games'),(79,'TT Games'),(80,'Ember Lab'),(81,'艺龙游戏'),(82,'VOID Interactive'),(83,'Colossal Order Ltd.'),(84,'Redbeet Interactive'),(85,'Saber Interactive Inc'),(86,'Santa Monica Studio'),(87,'Tuxedo Labs'),(88,'Gamepires'),(89,'Massive Monster'),(90,'Kinetic Games'),(91,'Ubisoft Paris'),(92,'Ubisoft Annecy'),(93,'Ubisoft Milan'),(94,'Reflections'),(95,'Ubisoft Belgrade'),(96,'Amazon Games'),(97,'Rare Ltd'),(98,'GSC Game World'),(99,'Iron Gate AB'),(100,'ConcernedApe'),(101,'Aspyr (Linux)'),(102,'Kubold'),(103,'Klei Entertainment'),(104,'Expansive Worlds'),(105,'Endnight Games Ltd'),(106,'M2H'),(107,'vamX'),(108,'MeshedVR'),(109,'Re-Logic'),(110,'Asymmetric'),(111,'Hangar 13'),(112,'ATLUS'),(113,'Studio MDHR Entertainment Inc.'),(114,'Funcom'),(115,'OverBorder Studio'),(116,'Ghost Town Games Ltd.'),(117,'Stress Level Zero'),(118,'Second Reality'),(119,'Jordy Lakiere'),(120,'Barrel Roll Games'),(121,'Ghost Ship Games'),(122,'NetherRealm Studios'),(123,'Shiver'),(124,'CABO Studio'),(125,'Sonic Team'),(126,'Flying Wild Hog'),(127,'BeamNG'),(128,'inXile Entertainment'),(129,'TaleWorlds Entertainment'),(130,'Crytek'),(131,'Rebuilt Games'),(132,'Relic Entertainment'),(133,'World\'s Edge'),(134,'KOJIMA PRODUCTIONS'),(135,'Ninja Kiwi'),(136,'CyberConnect2 Co. Ltd.'),(137,'Veewo Games'),(138,'Eremite Games'),(139,'KEIZO'),(140,'Tiburon'),(141,'Innersloth'),(142,'poncle'),(143,'Walternate Realities'),(144,'Nicalis, Inc.'),(145,'Edmund McMillen'),(146,'Creepy Jar'),(147,'MrFatcat'),(148,'Codemasters'),(149,'Wube Software LTD.'),(150,'MINTROCKET'),(151,'Moon Studios GmbH'),(152,'Offworld Industries'),(153,'Game Smithing Limited'),(154,'Lavapotion'),(155,'Coffee Stain Studios'),(156,'Remedy Entertainment'),(157,'Naughty Dog LLC'),(158,'Iron Galaxy Studios'),(159,'MOTIVE'),(160,'OVERKILL - a Starbreeze Studio.'),(161,'Beat Games'),(162,'Blobfish'),(163,'It\'s happening'),(164,'Arkane Studios'),(165,'Crema'),(166,'Duoyi Games'),(167,'Pocketpair'),(168,'Gameloft'),(169,'Egosoft'),(170,'Ebb Software'),(171,'Fika Productions'),(172,'Flashbulb'),(173,'FakeFish'),(174,'Undertow Games'),(175,'Blacklight Interactive'),(176,'The Fun Pimps'),(177,'Maxim Karpenko'),(178,'Two Point Studios'),(179,'Wicked Witch'),(180,'Monomi Park'),(181,'Squad'),(182,'Toxic Dog'),(183,'Joey Drew Studios'),(184,'UPLAY Online'),(185,'FromSoftware'),(186,'Extremely OK Games, Ltd.'),(187,'SNK CORPORATION'),(188,'Landfall'),(189,'Northway Games'),(190,'FYQD-Studio'),(191,'Berserk Games'),(192,'Rockstar North'),(193,'Rockstar Toronto'),(194,'Monolith Productions'),(195,'Dread Hunger Team'),(196,'The Game Kitchen'),(197,'FromSoftware, Inc.'),(198,'James Bendon'),(199,'rose-engine'),(200,'WinterSpring Games'),(201,'Angel Matrix'),(202,'Terrible Toybox'),(203,'Momentum Games'),(204,'Shiro Games'),(205,'id Software'),(206,'Lucas Pope'),(207,'YooGame'),(208,'11 bit studios'),(209,'Motion Twin'),(210,'Stunlock Studios'),(211,'Tribute Games Inc.'),(212,'Oppai-Man'),(213,'Aesir Interactive'),(214,'Haemimont Games'),(215,'Red Dot Games'),(216,'weltenbauer. Software Entwicklung GmbH'),(217,'Bullets'),(218,'Ubisoft Singapore'),(219,'Ubisoft Kiev'),(220,'Ubisoft Shanghai'),(221,'CarX Technologies, LLC'),(222,'HB Studios'),(223,'Empyrean'),(224,'Torn Banner Studios'),(225,'Keen Software House'),(226,'KOEI TECMO GAMES CO., LTD.'),(227,'Team Cherry'),(228,'Valve'),(229,'Mega Crit Games'),(230,'Daniel Mullins Games'),(231,'NeocoreGames'),(232,'AIx2 Games'),(233,'Dire Wolf'),(234,'Unknown Worlds Entertainment'),(235,'Small Impact Games'),(236,'Pugstorm'),(237,'Texel Raptor'),(238,'That Fish'),(239,'That Other Fish'),(240,'FuturLab'),(241,'Monstars Inc.'),(242,'Resonair'),(243,'Stage Games'),(244,'343 Industries'),(245,'Splash Damage'),(246,'Ruffian Games'),(247,'Rusty Lake'),(248,'Straight Back Games'),(249,'Max Inferno'),(250,'Machine Games'),(251,'Techland'),(252,'Stairway Games'),(253,'Konami Digital Entertainment'),(254,'WarpFrog'),(255,'Warner Bros. Games Montréal'),(256,'Koei Tecmo'),(257,'Panache Digital Games'),(258,'Dojin Otome'),(259,'No Brakes Games'),(260,'Lionhead Studios'),(261,'Hologryph'),(262,'Eerie Guest Studios'),(263,'Furry Tails'),(264,'Pine Studio'),(265,'烟水寒工作室'),(266,'Acureus'),(267,'OWENO'),(268,'PiBoSo'),(269,'Holy Wow'),(270,'Affray Interactive'),(271,'10 Chambers'),(272,'TECOPARK'),(273,'Mechanistry'),(274,'BadMudStudio'),(275,'Dovetail Games'),(276,'Mouldy Toof Studios'),(277,'Tactical Adventures'),(278,'Nine Rocks Games'),(279,'RocketWerkz'),(280,'Bad Viking'),(281,'Red Nexus Games Inc.'),(282,'IO Interactive A/S'),(283,'Turtle Rock Studios'),(284,'Voracious Games'),(285,'insomnia'),(286,'DRAGO entertainment'),(287,'Paradox Arctic'),(288,'PopCap Games, Inc.'),(289,'EarthWork Games'),(290,'Dreambyte Games');
/*!40000 ALTER TABLE `developer` ENABLE KEYS */;
UNLOCK TABLES;

--
-- Table structure for table `game`
--

DROP TABLE IF EXISTS `game`;
/*!40101 SET @saved_cs_client     = @@character_set_client */;
/*!50503 SET character_set_client = utf8mb4 */;
CREATE TABLE `game` (
  `ID` int NOT NULL,
  `name` varchar(70) NOT NULL,
  `price` decimal(5,2) NOT NULL,
  `pub_id` int NOT NULL,
  `release_date` varchar(20) NOT NULL,
  PRIMARY KEY (`ID`)
) ENGINE=InnoDB DEFAULT CHARSET=utf8mb4 COLLATE=utf8mb4_0900_ai_ci;
/*!40101 SET character_set_client = @saved_cs_client */;

--
-- Dumping data for table `game`
--

LOCK TABLES `game` WRITE;
/*!40000 ALTER TABLE `game` DISABLE KEYS */;
INSERT INTO `game` VALUES (3590,'Plants vs. Zombies: Game of the Year',4.99,17,'5 May 2009'),(4000,'Garry\'s Mod',9.99,111,'29 November 2006'),(4500,'S.T.A.L.K.E.R.: Shadow of Chernobyl',4.99,93,'31 August 2007'),(12210,'Grand Theft Auto IV: The Complete Edition',5.99,84,'2 December 2008'),(24010,'Train Simulator',24.99,33,'17 September 2015'),(33230,'Assassin\'s Creed II',5.99,147,'5 March 2010'),(39210,'FINAL FANTASY XIV Online',19.99,71,'18 February 2014'),(105600,'Terraria',9.99,80,'16 May 2011'),(107410,'Arma 3',29.99,15,'12 September 2013'),(218620,'PAYDAY 2',9.99,78,'13 August 2013'),(219990,'Grim Dawn',24.99,10,'25 February 2016'),(220200,'Kerbal Space Program',9.99,115,'27 April 2015'),(221100,'DayZ',44.99,2,'13 December 2018'),(238090,'Sniper Elite 3',4.49,119,'27 June 2014'),(242760,'The Forest',19.99,14,'30 April 2018'),(244210,'Assetto Corsa',19.99,75,'19 December 2014'),(244850,'Space Engineers',19.99,12,'28 February 2019'),(250900,'The Binding of Isaac: Rebirth',14.99,116,'4 November 2014'),(251570,'7 Days to Die',24.99,79,'13 December 2013'),(252490,'Rust',39.99,108,'8 February 2018'),(255710,'Cities: Skylines',29.99,137,'10 March 2015'),(261550,'Mount & Blade II: Bannerlord',49.99,56,'25 October 2022'),(264710,'Subnautica',29.99,42,'24 January 2018'),(268500,'XCOM 2',5.99,125,'5 February 2016'),(268910,'Cuphead',13.99,54,'29 September 2017'),(270880,'American Truck Simulator',19.99,56,'2 February 2016'),(275850,'No Man\'s Sky',29.99,24,'12 August 2016'),(281990,'Stellaris',39.99,142,'9 May 2016'),(282070,'This War of Mine',3.99,90,'14 November 2014'),(284160,'BeamNG.drive',24.99,102,'29 May 2015'),(286160,'Tabletop Simulator',19.99,8,'5 June 2015'),(287700,'METAL GEAR SOLID V: THE PHANTOM PAIN',4.99,15,'1 September 2015'),(288470,'Fable Anniversary',34.99,40,'12 September 2014'),(289070,'Sid Meier\'s Civilization VI',59.99,118,'21 October 2016'),(292030,'The Witcher 3: Wild Hunt',7.99,6,'18 May 2015'),(294100,'RimWorld',34.99,87,'17 October 2018'),(305620,'The Long Dark',16.99,62,'1 August 2017'),(311210,'Call of Duty: Black Ops III',59.99,130,'6 November 2015'),(312660,'Sniper Elite 4',5.99,107,'14 February 2017'),(312670,'Strange Brigade',4.99,17,'28 August 2018'),(322330,'Don\'t Starve Together',14.99,69,'21 April 2016'),(346110,'ARK: Survival Evolved',19.99,62,'29 August 2017'),(356190,'Middle-earth™: Shadow of War™',10.49,18,'10 October 2017'),(359320,'Elite Dangerous',29.99,39,'2 April 2015'),(359550,'Tom Clancy\'s Rainbow Six Siege',7.99,139,'1 December 2015'),(364360,'Total War: WARHAMMER',59.99,63,'24 May 2016'),(367520,'Hollow Knight',14.99,23,'24 February 2017'),(368260,'Marvel\'s Midnight Suns',59.99,22,'2 December 2022'),(368500,'Assassin\'s Creed Syndicate',7.49,128,'19 November 2015'),(374320,'DARK SOULS™ III',59.99,71,'11 April 2016'),(377160,'Fallout 4',19.99,138,'10 November 2015'),(379720,'DOOM',4.99,24,'13 May 2016'),(381210,'Dead by Daylight',19.99,143,'14 June 2016'),(392160,'X4: Foundations',49.99,32,'30 November 2018'),(393380,'Squad',49.99,95,'23 September 2020'),(394360,'Hearts of Iron IV',39.99,109,'6 June 2016'),(397540,'Borderlands 3',26.39,12,'13 March 2020'),(410900,'Forts',14.99,62,'19 April 2017'),(413150,'Stardew Valley',14.99,53,'26 February 2016'),(427520,'Factorio',30.00,129,'14 August 2020'),(431240,'Golf With Your Friends',4.94,138,'19 May 2020'),(431960,'Wallpaper Engine',3.99,56,'16 November 2018'),(435150,'Divinity: Original Sin 2',44.99,124,'14 September 2017'),(440900,'Conan Exiles',15.99,80,'8 May 2018'),(453090,'Parkitect',22.49,116,'29 November 2018'),(460930,'Tom Clancy\'s Ghost Recon® Wildlands',12.49,20,'7 March 2017'),(475550,'Beholder',1.39,67,'9 November 2016'),(477160,'Human: Fall Flat',19.99,128,'22 July 2016'),(489830,'The Elder Scrolls V: Skyrim Special Edition',39.99,43,'28 October 2016'),(493520,'GTFO',39.99,66,'10 December 2021'),(504230,'Celeste',4.99,5,'25 January 2018'),(508440,'Totally Accurate Battle Simulator',6.79,58,'1 April 2021'),(513710,'SCUM',17.49,49,'29 August 2018'),(518790,'theHunter: Call of the Wild™',19.99,83,'16 February 2017'),(526870,'Satisfactory',29.99,0,'8 June 2020'),(527430,'Warhammer 40,000: Inquisitor - Martyr',49.99,54,'5 June 2018'),(529340,'Victoria 3',49.99,41,'25 October 2022'),(534380,'Dying Light 2',59.99,148,'4 February 2022'),(536270,'Ancestors: The Humankind Odyssey ',9.99,149,'27 August 2020'),(546560,'Half-Life: Alyx',59.99,60,'23 March 2020'),(548430,'Deep Rock Galactic',29.99,63,'13 May 2020'),(552500,'Warhammer: Vermintide 2',29.99,76,'8 March 2018'),(553420,'TUNIC',23.99,39,'16 March 2022'),(559650,'Witch It',4.99,35,'22 October 2020'),(570940,'DARK SOULS™: REMASTERED',39.99,135,'23 May 2018'),(578650,'The Outer Worlds',19.79,40,'23 October 2020'),(582010,'Monster Hunter: World',29.99,146,'9 August 2018'),(582160,'Assassin\'s Creed Origins',13.99,90,'27 October 2017'),(582660,'Black Desert',9.99,86,'24 May 2017'),(588650,'Dead Cells',24.99,108,'6 August 2018'),(594570,'Total War: WARHAMMER II',59.99,58,'28 September 2017'),(594650,'Hunt: Showdown',39.99,35,'27 August 2019'),(602960,'Barotrauma',7.49,108,'5 June 2019'),(612880,'Wolfenstein II: The New Colossus',5.99,14,'27 October 2017'),(613100,'House Flipper',24.99,63,'17 May 2018'),(620980,'Beat Saber',29.99,61,'21 May 2019'),(629730,'Blade & Sorcery',19.99,80,'11 December 2018'),(632360,'Risk of Rain 2',24.99,135,'11 August 2020'),(635260,'CarX Drift Racing Online',14.99,108,'17 November 2017'),(640820,'Pathfinder: Kingmaker',7.99,108,'25 September 2018'),(641990,'The Escapists 2',4.99,76,'21 August 2017'),(646570,'Slay the Spire',24.99,42,'23 January 2019'),(648800,'Raft',19.99,31,'20 June 2022'),(653530,'Return of the Obra Dinn',13.99,24,'18 October 2018'),(655500,'MX Bikes',34.99,144,'7 October 2019'),(686810,'Hell Let Loose',26.79,97,'27 July 2021'),(694280,'Zombie Army 4: Dead War',14.99,28,'18 February 2021'),(698670,'Scorn',29.99,32,'14 October 2022'),(699130,'World War Z: Aftermath',19.99,75,'21 September 2021'),(702890,'BlazBlue Cross Tag Battle',4.79,27,'5 June 2018'),(703080,'Planet Zoo',44.99,28,'5 November 2019'),(719040,'Wasteland 3',13.19,92,'28 August 2020'),(728740,'Sniper Elite V2 Remastered',6.99,0,'13 May 2019'),(728880,'Overcooked! 2',6.24,127,'7 August 2018'),(739630,'Phasmophobia',13.99,74,'18 September 2020'),(745920,'Temtem',44.99,20,'6 September 2022'),(752590,'A Plague Tale: Innocence',13.99,99,'13 May 2019'),(761620,'Beholder 2',2.24,51,'5 December 2018'),(774361,'Blasphemous',6.24,60,'10 September 2019'),(788100,'Neon Abyss',9.99,119,'14 July 2020'),(799600,'Cosmoteer: Starship Architect & Commander',19.99,40,'24 October 2022'),(805550,'Assetto Corsa Competizione',39.99,149,'29 May 2019'),(812140,'Assassin\'s Creed Odyssey',59.99,114,'5 October 2018'),(813780,'Age of Empires II: Definitive Edition',19.99,112,'14 November 2019'),(814380,'Sekiro™: Shadows Die Twice',59.99,86,'22 March 2019'),(815370,'Green Hell',17.49,0,'5 September 2019'),(859570,'Secret Neighbor',3.99,14,'24 October 2019'),(867210,'Songs of Conquest',20.09,135,'10 May 2022'),(870780,'Control Ultimate Edition',9.99,82,'27 August 2020'),(872410,'ROMANCE OF THE THREE KINGDOMS XIV',59.99,3,'16 January 2020'),(872670,'SCP: 5K (SCP: Pandemic) Alpha Testing',15.99,80,'22 February 2022'),(880940,'Pummel Party',14.99,23,'20 September 2018'),(892970,'Valheim',19.99,94,'2 February 2021'),(920210,'LEGO® Star Wars™: The Skywalker Saga',24.99,91,'5 April 2022'),(924970,'Back 4 Blood',59.99,137,'12 October 2021'),(933110,'Age of Empires III: Definitive Edition',19.99,52,'15 October 2020'),(945360,'Among Us',4.99,137,'16 November 2018'),(960090,'Bloons TD 6',13.99,16,'18 December 2018'),(962130,'Grounded',39.99,11,'27 September 2022'),(973230,'We Who Are About To Die',21.99,36,'14 November 2022'),(976310,'Mortal Kombat 11',9.99,143,'23 April 2019'),(976730,'Halo: The Master Chief Collection',39.99,124,'3 December 2019'),(992300,'嗜血印 Bloody Spell',9.24,11,'26 January 2022'),(997010,'Police Simulator: Patrol Officers',29.99,27,'10 November 2022'),(1000360,'Hellish Quart',16.99,97,'16 February 2021'),(1003590,'Tetris® Effect: Connected',19.99,142,'18 August 2021'),(1029690,'Sniper Elite 5',34.99,17,'26 May 2022'),(1030840,'Mafia: Definitive Edition',13.99,68,'24 September 2020'),(1044720,'Farthest Frontier',29.99,124,'9 August 2022'),(1057090,'Ori and the Will of the Wisps',9.89,39,'11 March 2020'),(1059530,'Valve Index Headset',499.00,108,'28 June 2019'),(1059550,'Valve Index Controllers',279.00,124,'28 June 2019'),(1059570,'Valve Index Base Station',149.00,149,'28 June 2019'),(1059990,'Trombone Champ',14.99,133,'16 September 2022'),(1062090,'Timberborn',24.99,67,'15 September 2021'),(1062520,'Dinkum',19.99,54,'14 July 2022'),(1063660,'Bendy and the Dark Revival',29.99,63,'15 November 2022'),(1063730,'New World',39.99,25,'28 September 2021'),(1065310,'Evil West',49.99,149,'21 November 2022'),(1086940,'Baldur\'s Gate 3',59.99,87,'6 October 2020'),(1089090,'ONE PIECE: PIRATE WARRIORS 4',13.49,12,'26 March 2020'),(1091500,'Cyberpunk 2077',59.99,68,'10 December 2020'),(1092790,'Inscryption',19.99,123,'19 October 2021'),(1096530,'Solasta: Crown of the Magister',39.99,80,'27 May 2021'),(1113410,'ARK: Genesis Season Pass',29.99,25,'8 August 2019'),(1119730,'Ranch Simulator',16.74,30,'4 March 2021'),(1142710,'Total War: WARHAMMER III',47.99,55,'17 February 2022'),(1144200,'Ready or Not',39.99,117,'17 December 2021'),(1145360,'Hades',12.49,71,'17 September 2020'),(1148760,'I Was a Teenage Exocolonist',19.99,18,'25 August 2022'),(1149460,'Icarus',34.99,2,'3 December 2021'),(1149620,'Gas Station Simulator',14.99,33,'15 September 2021'),(1149640,'RimWorld - Royalty',19.99,30,'24 February 2020'),(1151340,'Fallout 76',39.99,26,'14 April 2020'),(1151640,'Horizon Zero Dawn',16.49,26,'7 August 2020'),(1158160,'Coral Island',24.99,138,'11 October 2022'),(1158310,'Crusader Kings III',49.99,98,'1 September 2020'),(1167630,'Teardown',15.99,147,'21 April 2022'),(1172380,'STAR WARS Jedi: Fallen Order™ ',4.79,23,'15 November 2019'),(1172620,'Sea of Thieves',39.99,71,'3 June 2020'),(1174180,'Red Dead Redemption 2',19.79,70,'5 December 2019'),(1178830,'Bright Memory: Infinite',15.99,17,'12 November 2021'),(1182900,'A Plague Tale: Requiem',39.99,145,'17 October 2022'),(1184370,'Pathfinder: Wrath of the Righteous - Enhanced Edition',19.99,59,'2 September 2021'),(1190000,'Car Mechanic Simulator 2021',24.99,49,'11 August 2021'),(1196590,'Resident Evil Village',39.99,15,'7 May 2021'),(1203220,'NARAKA: BLADEPOINT',19.99,50,'12 August 2021'),(1205520,'Pentiment',19.99,118,'15 November 2022'),(1206560,'WorldBox - God Simulator',19.99,102,'2 December 2021'),(1206610,'Rubber Bandits',3.74,67,'2 December 2021'),(1217060,'Gunfire Reborn',19.99,21,'18 November 2021'),(1222690,'Dragon Age™ Inquisition',7.99,1,'4 June 2020'),(1222730,'STAR WARS™: Squadrons',5.99,92,'1 October 2020'),(1227890,'Summer Memories',13.99,122,'15 June 2020'),(1237320,'Sonic Frontiers',59.99,67,'8 November 2022'),(1237970,'Titanfall® 2',4.79,126,'18 June 2020'),(1238020,'Mass Effect 3 (2012)',7.49,148,'11 June 2020'),(1238810,'Battlefield™ V',49.99,117,'11 June 2020'),(1238840,'Battlefield 1 ™',4.79,41,'11 June 2020'),(1238860,'Battlefield 4™ ',4.79,56,'11 June 2020'),(1245620,'ELDEN RING',59.99,129,'24 February 2022'),(1248130,'Farming Simulator 22',39.99,114,'22 November 2021'),(1250410,'Microsoft Flight Simulator',59.99,97,'18 August 2020'),(1252330,'DEATHLOOP',19.79,145,'14 September 2021'),(1255630,'WWE 2K22',19.79,129,'11 March 2022'),(1262350,'SIGNALIS',19.99,138,'27 October 2022'),(1273400,'Construction Simulator',34.99,48,'20 September 2022'),(1274570,'DEVOUR',4.99,75,'28 January 2021'),(1281590,'The Dark Pictures Anthology: House of Ashes',29.99,117,'21 October 2021'),(1286580,'Ship of Fools',14.99,121,'22 November 2022'),(1286680,'Tiny Tina\'s Wonderlands',59.99,46,'23 June 2022'),(1288320,'Way of the Hunter',39.99,18,'16 August 2022'),(1290000,'PowerWash Simulator',24.99,108,'14 July 2022'),(1293830,'Forza Horizon 4',19.79,88,'9 March 2021'),(1296610,'Peglin',19.99,25,'25 April 2022'),(1296830,'暖雪 Warm Snow',17.99,101,'19 January 2022'),(1307550,'Craftopia',16.24,17,'4 September 2020'),(1313140,'Cult of the Lamb',19.99,58,'11 August 2022'),(1324130,'Stranded: Alien Dawn',29.99,63,'12 October 2022'),(1332010,'Stray',23.99,40,'19 July 2022'),(1336490,'Against the Storm',19.99,64,'1 November 2022'),(1343240,'Thymesia',19.99,54,'18 August 2022'),(1350650,'FreshWomen - Season 1',13.99,86,'19 August 2022'),(1361210,'Warhammer 40,000: Darktide',39.99,6,'30 November 2022'),(1361510,'Teenage Mutant Ninja Turtles: Shredder\'s Revenge',19.99,25,'16 June 2022'),(1372110,'JoJo\'s Bizarre Adventure: All-Star Battle R',34.99,97,'1 September 2022'),(1384160,'GUILTY GEAR -STRIVE-',29.99,116,'11 June 2021'),(1392840,'RimWorld - Ideology',19.99,103,'20 July 2021'),(1401590,'Disney Dreamlight Valley',29.99,136,'6 September 2022'),(1418630,'Dread Hunger',29.99,131,'26 January 2022'),(1426210,'It Takes Two',15.99,55,'26 March 2021'),(1435790,'Escape Simulator',14.99,20,'19 October 2021'),(1446780,'MONSTER HUNTER RISE',39.99,136,'12 January 2022'),(1451090,'Tactics Ogre: Reborn',49.99,140,'11 November 2022'),(1451480,'The Greatest Penguin Heist of All Time',9.74,73,'2 July 2021'),(1462040,'FINAL FANTASY VII REMAKE INTERGRADE',69.99,19,'17 June 2022'),(1465360,'SnowRunner',29.99,42,'17 May 2021'),(1465750,'American Truck Simulator - Texas',17.99,135,'15 November 2022'),(1466860,'Age of Empires IV: Anniversary Edition',39.99,28,'28 October 2021'),(1483870,'Draw & Guess',2.99,103,'12 March 2021'),(1493760,'Youtubers Life 2',14.99,16,'19 October 2021'),(1496790,'Gotham Knights',59.99,14,'21 October 2022'),(1498140,'Cafe Owner Simulator',17.09,117,'5 December 2022'),(1498570,'THE KING OF FIGHTERS XV',29.99,141,'17 February 2022'),(1506830,'FIFA 22',59.99,80,'1 October 2021'),(1509960,'PICO PARK',4.99,61,'7 May 2021'),(1515210,'The Past Within',5.99,48,'2 November 2022'),(1517290,'Battlefield™ 2042',19.79,139,'19 November 2021'),(1527950,'Wartales',34.99,48,'1 December 2021'),(1533420,'Neon White',19.99,121,'16 June 2022'),(1544020,'The Callisto Protocol',59.99,7,'2 December 2022'),(1551360,'Forza Horizon 5',38.99,23,'9 November 2021'),(1556790,'Isonzo',23.99,58,'13 September 2022'),(1562420,'FOREWARNED',9.74,94,'10 September 2021'),(1567020,'The Dark Pictures Anthology: The Devil in Me',39.99,54,'18 November 2022'),(1574580,'Strange Horticulture',9.74,144,'21 January 2022'),(1577120,'The Quarry',29.99,138,'10 June 2022'),(1588010,'PGA TOUR 2K23',38.99,71,'14 October 2022'),(1592190,'BONELAB',31.99,101,'29 September 2022'),(1593500,'God of War',49.99,92,'14 January 2022'),(1599600,'PlateUp!',17.99,61,'4 August 2022'),(1604030,'V Rising',19.99,13,'17 May 2022'),(1607890,'Risk of Rain 2 - Expansion 1',14.99,113,'1 March 2022'),(1621690,'Core Keeper',12.99,67,'8 March 2022'),(1629520,'A Little to the Left',14.99,55,'8 November 2022'),(1649080,'Two Point Campus',31.99,95,'9 August 2022'),(1656330,'Destiny 2: The Witch Queen',19.99,121,'22 February 2022'),(1656370,'Destiny 2: Bungie 30th Anniversary Pack',14.99,145,'7 December 2021'),(1657630,'Slime Rancher 2',29.99,132,'22 September 2022'),(1659040,'HITMAN 3',59.99,18,'20 January 2022'),(1659420,'UNCHARTED™: Legacy of Thieves Collection',49.99,4,'19 October 2022'),(1687950,'Persona 5 Royal',59.99,16,'21 October 2022'),(1692250,'F1® 22',29.99,45,'1 July 2022'),(1694420,'Card Survival: Tropical Island',24.99,33,'16 September 2022'),(1718570,'ASTLIBRA ～生きた証～ Revision',24.99,141,'13 October 2022'),(1722860,'Munchkin Digital',14.99,15,'1 December 2022'),(1746860,'The Elder Scrolls V: Skyrim Anniversary Upgrade',19.99,105,'11 November 2021'),(1760250,'Madden NFL 23',59.99,29,'19 August 2022'),(1782120,'ZERO Sievert',19.99,137,'15 November 2022'),(1789480,'Marauders',29.99,97,'3 October 2022'),(1793030,'Romancing SaGa -Minstrel Song- Remastered',24.99,137,'1 December 2022'),(1794680,'Vampire Survivors',3.99,68,'20 October 2022'),(1802870,'Secret Pie',5.39,104,'19 November 2021'),(1811260,'EA SPORTS™ FIFA 23',69.99,8,'30 September 2022'),(1817070,'Marvel’s Spider-Man Remastered',59.99,67,'12 August 2022'),(1817190,'Marvel\'s Spider-Man: Miles Morales',49.99,96,'18 November 2022'),(1824060,'Total War: WARHAMMER III - Champions of Chaos',14.39,35,'23 August 2022'),(1824220,'Chivalry 2',39.99,140,'12 June 2022'),(1826140,'RimWorld - Biotech',24.99,18,'21 October 2022'),(1846380,'Need for Speed™ Unbound',69.99,35,'2 December 2022'),(1850570,'DEATH STRANDING DIRECTOR\'S CUT',23.99,39,'30 March 2022'),(1868140,'DAVE THE DIVER',19.99,50,'27 October 2022'),(1874490,'Potionomics',24.99,54,'17 October 2022'),(1880360,'Monster Hunter Rise: Sunbreak',39.99,17,'30 June 2022'),(1889490,'Stellaris: Overlord',19.99,89,'12 May 2022'),(1904540,'Football Manager 2023',59.99,1,'8 November 2022'),(1919590,'NBA 2K23',26.99,59,'8 September 2022'),(1938090,'Call of Duty®: Modern Warfare® II | Warzone™ 2.0',69.99,28,'28 October 2022'),(1939160,'Shadows Over Loathing',22.99,102,'11 November 2022'),(1942280,'Brotato',4.99,14,'27 September 2022'),(1954200,'Kena: Bridge of Spirits',19.99,67,'27 September 2022'),(1987080,'Inside the Backrooms',4.99,67,'20 June 2022'),(1993150,'轮回修仙路',11.89,47,'2 December 2022'),(2017220,'Football Manager 2023 In-game Editor',8.99,20,'7 November 2022'),(2024410,'Farming Simulator 22 - Platinum Expansion',19.99,60,'14 November 2022'),(2060130,'Return to Monkey Island',19.99,62,'19 September 2022'),(2066020,'Soulstone Survivors',9.99,41,'7 November 2022'),(2074340,'Marvel\'s Midnight Suns Season Pass',49.99,57,'2 December 2022'),(2074890,'少女妖精弹珠台 Elf Girl Pinball',8.99,107,'30 November 2022'),(2091330,'The Long Dark: Tales from the Far Territory',17.99,57,'5 December 2022'),(2109460,'乡村狂想曲',2.99,110,'5 October 2022'),(2127790,'Call of Duty®: Modern Warfare® II - Desert Rogue: Pro Pack',19.99,20,'23 November 2022'),(2139266,'Call of Duty League™ - Los Angeles Thieves Pack 2023',9.99,141,'29 November 2022'),(2149830,'VaMX',35.99,8,'30 November 2022'),(2151580,'Infinite Tao',2.99,129,'30 November 2022'),(2194700,'Sex Gym 3D',6.49,130,'3 December 2022'),(2197970,'Royal',9.99,104,'5 December 2022'),(2209680,'Beach Invasion 1944',8.99,102,'2 December 2022');
/*!40000 ALTER TABLE `game` ENABLE KEYS */;
UNLOCK TABLES;

--
-- Table structure for table `game_type`
--

DROP TABLE IF EXISTS `game_type`;
/*!40101 SET @saved_cs_client     = @@character_set_client */;
/*!50503 SET character_set_client = utf8mb4 */;
CREATE TABLE `game_type` (
  `game_id` int NOT NULL,
  `cate_id` int NOT NULL,
  PRIMARY KEY (`game_id`,`cate_id`)
) ENGINE=InnoDB DEFAULT CHARSET=utf8mb4 COLLATE=utf8mb4_0900_ai_ci;
/*!40101 SET character_set_client = @saved_cs_client */;

--
-- Dumping data for table `game_type`
--

LOCK TABLES `game_type` WRITE;
/*!40000 ALTER TABLE `game_type` DISABLE KEYS */;
INSERT INTO `game_type` VALUES (3590,69),(3590,120),(3590,130),(3590,150),(3590,159),(3590,166),(3590,187),(3590,192),(3590,199),(3590,205),(3590,223),(3590,253),(3590,265),(3590,285),(3590,287),(3590,289),(3590,301),(3590,311),(3590,340),(3590,346),(4000,15),(4000,42),(4000,90),(4000,114),(4000,123),(4000,150),(4000,221),(4000,230),(4000,237),(4000,248),(4000,269),(4000,275),(4000,287),(4000,289),(4000,293),(4000,300),(4000,327),(4000,340),(4000,346),(4000,357),(4500,14),(4500,60),(4500,112),(4500,114),(4500,123),(4500,130),(4500,150),(4500,185),(4500,195),(4500,197),(4500,205),(4500,217),(4500,248),(4500,249),(4500,272),(4500,293),(4500,294),(4500,301),(4500,340),(4500,357),(12210,15),(12210,42),(12210,80),(12210,88),(12210,114),(12210,133),(12210,150),(12210,185),(12210,205),(12210,212),(12210,217),(12210,269),(12210,293),(12210,300),(12210,309),(12210,330),(12210,336),(12210,340),(12210,346),(12210,357),(24010,12),(24010,15),(24010,26),(24010,53),(24010,94),(24010,114),(24010,142),(24010,150),(24010,185),(24010,203),(24010,216),(24010,217),(24010,221),(24010,237),(24010,253),(24010,265),(24010,340),(24010,356),(24010,357),(24010,359),(33230,15),(33230,31),(33230,34),(33230,61),(33230,69),(33230,114),(33230,118),(33230,127),(33230,129),(33230,138),(33230,150),(33230,174),(33230,185),(33230,197),(33230,205),(33230,217),(33230,218),(33230,300),(33230,336),(33230,340),(39210,69),(39210,114),(39210,118),(39210,135),(39210,150),(39210,185),(39210,217),(39210,226),(39210,230),(39210,231),(39210,235),(39210,242),(39210,269),(39210,272),(39210,300),(39210,306),(39210,308),(39210,327),(39210,340),(39210,358),(105600,15),(105600,21),(105600,85),(105600,114),(105600,130),(105600,140),(105600,150),(105600,155),(105600,185),(105600,187),(105600,211),(105600,217),(105600,221),(105600,269),(105600,271),(105600,272),(105600,287),(105600,300),(105600,327),(105600,340),(107410,15),(107410,25),(107410,94),(107410,114),(107410,123),(107410,150),(107410,185),(107410,223),(107410,228),(107410,237),(107410,248),(107410,253),(107410,269),(107410,293),(107410,300),(107410,309),(107410,325),(107410,327),(107410,335),(107410,357),(218620,17),(218620,34),(218620,69),(218620,114),(218620,116),(218620,123),(218620,150),(218620,196),(218620,212),(218620,223),(218620,228),(218620,237),(218620,248),(218620,253),(218620,269),(218620,279),(218620,293),(218620,300),(218620,327),(218620,346),(219990,22),(219990,68),(219990,114),(219990,150),(219990,207),(219990,217),(219990,235),(219990,269),(219990,272),(219990,274),(219990,284),(219990,285),(219990,287),(219990,299),(219990,300),(219990,301),(219990,306),(219990,328),(219990,340),(219990,361),(220200,15),(220200,32),(220200,41),(220200,42),(220200,74),(220200,140),(220200,150),(220200,185),(220200,197),(220200,211),(220200,221),(220200,237),(220200,249),(220200,253),(220200,287),(220200,289),(220200,332),(220200,340),(220200,346),(220200,357),(221100,15),(221100,114),(221100,123),(221100,130),(221100,157),(221100,185),(221100,195),(221100,217),(221100,230),(221100,237),(221100,248),(221100,269),(221100,285),(221100,287),(221100,293),(221100,294),(221100,300),(221100,301),(221100,329),(221100,340),(238090,0),(238090,25),(238090,34),(238090,80),(238090,114),(238090,123),(238090,150),(238090,185),(238090,217),(238090,223),(238090,237),(238090,253),(238090,269),(238090,293),(238090,297),(238090,300),(238090,309),(238090,327),(238090,336),(238090,340),(242760,15),(242760,80),(242760,85),(242760,94),(242760,114),(242760,130),(242760,150),(242760,155),(242760,185),(242760,195),(242760,211),(242760,217),(242760,221),(242760,237),(242760,248),(242760,285),(242760,287),(242760,294),(242760,329),(242760,340),(244210,42),(244210,53),(244210,77),(244210,86),(244210,94),(244210,114),(244210,124),(244210,133),(244210,140),(244210,150),(244210,185),(244210,203),(244210,218),(244210,219),(244210,237),(244210,248),(244210,287),(244210,300),(244210,357),(244210,359),(244850,15),(244850,42),(244850,85),(244850,114),(244850,130),(244850,150),(244850,155),(244850,185),(244850,197),(244850,221),(244850,237),(244850,253),(244850,264),(244850,269),(244850,287),(244850,300),(244850,329),(244850,332),(244850,337),(244850,340),(250900,29),(250900,69),(250900,80),(250900,114),(250900,136),(250900,140),(250900,150),(250900,181),(250900,184),(250900,187),(250900,201),(250900,217),(250900,249),(250900,269),(250900,271),(250900,287),(250900,294),(250900,299),(250900,328),(250900,341),(251570,15),(251570,52),(251570,85),(251570,114),(251570,120),(251570,123),(251570,130),(251570,181),(251570,185),(251570,211),(251570,221),(251570,237),(251570,253),(251570,285),(251570,292),(251570,300),(251570,301),(251570,308),(251570,327),(251570,329),(252490,15),(252490,85),(252490,114),(252490,123),(252490,130),(252490,155),(252490,157),(252490,185),(252490,221),(252490,237),(252490,248),(252490,251),(252490,269),(252490,287),(252490,293),(252490,300),(252490,301),(252490,327),(252490,329),(252490,340),(255710,15),(255710,69),(255710,84),(255710,90),(255710,94),(255710,96),(255710,114),(255710,140),(255710,150),(255710,159),(255710,216),(255710,221),(255710,237),(255710,241),(255710,253),(255710,261),(255710,265),(255710,322),(255710,346),(255710,357),(261550,15),(261550,25),(261550,69),(261550,94),(261550,114),(261550,129),(261550,150),(261550,185),(261550,237),(261550,248),(261550,253),(261550,272),(261550,277),(261550,296),(261550,300),(261550,308),(261550,329),(261550,336),(261550,340),(261550,357),(264710,15),(264710,39),(264710,52),(264710,85),(264710,114),(264710,130),(264710,150),(264710,155),(264710,185),(264710,195),(264710,197),(264710,211),(264710,217),(264710,248),(264710,287),(264710,294),(264710,300),(264710,329),(264710,340),(264710,353),(268500,39),(268500,48),(268500,69),(268500,114),(268500,150),(268500,185),(268500,197),(268500,208),(268500,217),(268500,223),(268500,249),(268500,253),(268500,264),(268500,269),(268500,272),(268500,300),(268500,305),(268500,308),(268500,319),(268500,357),(268910,4),(268910,21),(268910,36),(268910,69),(268910,93),(268910,97),(268910,114),(268910,144),(268910,150),(268910,187),(268910,201),(268910,217),(268910,227),(268910,249),(268910,263),(268910,269),(268910,287),(268910,300),(268910,346),(268910,354),(270880,26),(270880,94),(270880,96),(270880,133),(270880,142),(270880,150),(270880,159),(270880,185),(270880,203),(270880,211),(270880,217),(270880,237),(270880,265),(270880,286),(270880,300),(270880,322),(270880,340),(270880,350),(270880,356),(270880,357),(275850,15),(275850,32),(275850,53),(275850,85),(275850,114),(275850,123),(275850,130),(275850,150),(275850,155),(275850,181),(275850,185),(275850,197),(275850,211),(275850,217),(275850,237),(275850,248),(275850,287),(275850,300),(275850,332),(275850,340),(281990,15),(281990,69),(281990,84),(281990,96),(281990,140),(281990,141),(281990,150),(281990,181),(281990,197),(281990,202),(281990,211),(281990,217),(281990,237),(281990,239),(281990,253),(281990,264),(281990,300),(281990,332),(281990,335),(281990,357),(282070,25),(282070,34),(282070,52),(282070,94),(282070,96),(282070,118),(282070,130),(282070,139),(282070,150),(282070,155),(282070,209),(282070,217),(282070,237),(282070,244),(282070,253),(282070,261),(282070,268),(282070,287),(282070,301),(282070,338),(284160,15),(284160,42),(284160,94),(284160,114),(284160,124),(284160,133),(284160,150),(284160,185),(284160,203),(284160,211),(284160,237),(284160,248),(284160,300),(284160,321),(284160,329),(284160,336),(284160,337),(284160,340),(284160,346),(284160,357),(286160,15),(286160,23),(286160,42),(286160,53),(286160,119),(286160,198),(286160,234),(286160,237),(286160,248),(286160,253),(286160,265),(286160,269),(286160,272),(286160,287),(286160,288),(286160,300),(286160,302),(286160,327),(286160,346),(286160,357),(287700,15),(287700,34),(287700,69),(287700,114),(287700,118),(287700,140),(287700,150),(287700,163),(287700,185),(287700,196),(287700,197),(287700,217),(287700,223),(287700,277),(287700,293),(287700,299),(287700,300),(287700,309),(287700,336),(287700,340),(288470,15),(288470,29),(288470,69),(288470,114),(288470,118),(288470,135),(288470,150),(288470,185),(288470,205),(288470,217),(288470,235),(288470,268),(288470,272),(288470,289),(288470,296),(288470,306),(288470,308),(288470,336),(288470,340),(288470,346),(289070,25),(289070,69),(289070,96),(289070,129),(289070,150),(289070,202),(289070,208),(289070,216),(289070,217),(289070,221),(289070,223),(289070,237),(289070,239),(289070,253),(289070,256),(289070,269),(289070,300),(289070,305),(289070,327),(289070,357),(292030,15),(292030,68),(292030,69),(292030,110),(292030,114),(292030,118),(292030,135),(292030,150),(292030,185),(292030,188),(292030,217),(292030,235),(292030,251),(292030,268),(292030,272),(292030,296),(292030,299),(292030,306),(292030,336),(292030,340),(294100,15),(294100,36),(294100,52),(294100,96),(294100,130),(294100,150),(294100,171),(294100,176),(294100,181),(294100,185),(294100,187),(294100,197),(294100,216),(294100,221),(294100,237),(294100,253),(294100,287),(294100,332),(294100,349),(294100,357),(305620,15),(305620,85),(305620,114),(305620,130),(305620,150),(305620,155),(305620,167),(305620,185),(305620,195),(305620,211),(305620,217),(305620,237),(305620,248),(305620,249),(305620,253),(305620,287),(305620,294),(305620,301),(305620,329),(305620,340),(311210,69),(311210,80),(311210,114),(311210,118),(311210,123),(311210,137),(311210,138),(311210,150),(311210,197),(311210,217),(311210,237),(311210,248),(311210,264),(311210,269),(311210,270),(311210,282),(311210,285),(311210,293),(311210,295),(311210,300),(312660,0),(312660,25),(312660,34),(312660,80),(312660,114),(312660,123),(312660,150),(312660,185),(312660,188),(312660,223),(312660,248),(312660,253),(312660,260),(312660,269),(312660,293),(312660,297),(312660,300),(312660,309),(312660,336),(312660,340),(312670,114),(312670,130),(312670,150),(312670,185),(312670,260),(312670,269),(312670,279),(312670,285),(312670,289),(312670,293),(312670,294),(312670,300),(312670,309),(312670,311),(312670,327),(312670,336),(312670,340),(312670,346),(322330,15),(322330,85),(322330,114),(322330,130),(322330,155),(322330,157),(322330,184),(322330,185),(322330,187),(322330,195),(322330,211),(322330,217),(322330,237),(322330,249),(322330,253),(322330,294),(322330,300),(322330,327),(322330,340),(322330,346),(346110,15),(346110,52),(346110,85),(346110,114),(346110,130),(346110,150),(346110,155),(346110,185),(346110,197),(346110,221),(346110,230),(346110,248),(346110,269),(346110,272),(346110,273),(346110,287),(346110,300),(346110,310),(346110,329),(346110,340),(356190,22),(356190,25),(356190,34),(356190,68),(356190,69),(356190,80),(356190,114),(356190,118),(356190,135),(356190,150),(356190,185),(356190,217),(356190,235),(356190,253),(356190,260),(356190,272),(356190,296),(356190,306),(356190,336),(356190,340),(359320,15),(359320,32),(359320,53),(359320,114),(359320,150),(359320,185),(359320,197),(359320,211),(359320,230),(359320,237),(359320,248),(359320,249),(359320,253),(359320,272),(359320,300),(359320,317),(359320,327),(359320,332),(359320,340),(359320,359),(359550,42),(359550,94),(359550,114),(359550,123),(359550,150),(359550,217),(359550,223),(359550,228),(359550,230),(359550,237),(359550,248),(359550,253),(359550,265),(359550,269),(359550,293),(359550,295),(359550,300),(359550,307),(359550,327),(359550,337),(364360,25),(364360,68),(364360,80),(364360,101),(364360,114),(364360,118),(364360,150),(364360,185),(364360,202),(364360,208),(364360,217),(364360,223),(364360,239),(364360,253),(364360,269),(364360,272),(364360,300),(364360,305),(364360,306),(364360,323),(367520,21),(367520,68),(367520,69),(367520,110),(367520,114),(367520,118),(367520,144),(367520,150),(367520,154),(367520,185),(367520,187),(367520,192),(367520,211),(367520,217),(367520,218),(367520,249),(367520,287),(367520,291),(367520,340),(367520,354),(368260,13),(368260,23),(368260,57),(368260,119),(368260,125),(368260,135),(368260,150),(368260,171),(368260,208),(368260,220),(368260,223),(368260,253),(368260,272),(368260,280),(368260,306),(368260,308),(368260,319),(368260,336),(368260,340),(368260,362),(368500,34),(368500,61),(368500,69),(368500,80),(368500,114),(368500,118),(368500,129),(368500,138),(368500,150),(368500,185),(368500,217),(368500,253),(368500,269),(368500,270),(368500,300),(368500,331),(368500,336),(368500,340),(368500,346),(368500,358),(374320,51),(374320,68),(374320,69),(374320,114),(374320,118),(374320,140),(374320,150),(374320,154),(374320,157),(374320,185),(374320,211),(374320,217),(374320,235),(374320,249),(374320,269),(374320,272),(374320,300),(374320,308),(374320,336),(374320,340),(377160,15),(377160,69),(377160,114),(377160,118),(377160,123),(377160,130),(377160,150),(377160,185),(377160,197),(377160,211),(377160,217),(377160,235),(377160,248),(377160,272),(377160,293),(377160,301),(377160,308),(377160,309),(377160,336),(377160,340),(379720,3),(379720,29),(379720,50),(379720,69),(379720,80),(379720,113),(379720,114),(379720,123),(379720,150),(379720,197),(379720,205),(379720,217),(379720,248),(379720,249),(379720,260),(379720,269),(379720,285),(379720,293),(379720,294),(379720,300),(381210,3),(381210,34),(381210,80),(381210,108),(381210,114),(381210,130),(381210,188),(381210,195),(381210,217),(381210,228),(381210,248),(381210,249),(381210,253),(381210,260),(381210,269),(381210,289),(381210,294),(381210,300),(381210,327),(381210,336),(392160,15),(392160,32),(392160,96),(392160,114),(392160,130),(392160,150),(392160,155),(392160,185),(392160,197),(392160,211),(392160,217),(392160,221),(392160,237),(392160,239),(392160,248),(392160,253),(392160,317),(392160,321),(392160,322),(392160,332),(393380,25),(393380,52),(393380,94),(393380,114),(393380,123),(393380,157),(393380,185),(393380,217),(393380,223),(393380,228),(393380,230),(393380,234),(393380,237),(393380,241),(393380,248),(393380,253),(393380,286),(393380,293),(393380,300),(393380,335),(394360,0),(394360,15),(394360,25),(394360,31),(394360,69),(394360,84),(394360,101),(394360,114),(394360,129),(394360,141),(394360,150),(394360,185),(394360,223),(394360,237),(394360,239),(394360,253),(394360,265),(394360,269),(394360,300),(394360,335),(397540,17),(397540,69),(397540,80),(397540,89),(397540,114),(397540,123),(397540,150),(397540,185),(397540,248),(397540,251),(397540,259),(397540,260),(397540,269),(397540,272),(397540,289),(397540,293),(397540,300),(397540,327),(397540,340),(397540,361),(410900,4),(410900,15),(410900,42),(410900,52),(410900,114),(410900,150),(410900,165),(410900,187),(410900,221),(410900,223),(410900,253),(410900,257),(410900,271),(410900,287),(410900,300),(410900,335),(410900,337),(410900,346),(410900,356),(410900,357),(413150,15),(413150,26),(413150,54),(413150,69),(413150,91),(413150,111),(413150,150),(413150,155),(413150,182),(413150,185),(413150,187),(413150,192),(413150,221),(413150,237),(413150,265),(413150,271),(413150,272),(413150,287),(413150,300),(413150,344),(427520,12),(427520,15),(427520,52),(427520,76),(427520,96),(427520,130),(427520,150),(427520,155),(427520,185),(427520,187),(427520,216),(427520,221),(427520,237),(427520,253),(427520,261),(427520,269),(427520,271),(427520,287),(427520,300),(427520,357),(431240,1),(431240,10),(431240,42),(431240,69),(431240,86),(431240,114),(431240,150),(431240,159),(431240,230),(431240,232),(431240,237),(431240,249),(431240,253),(431240,257),(431240,265),(431240,269),(431240,287),(431240,300),(431240,329),(431240,346),(431960,15),(431960,55),(431960,73),(431960,114),(431960,149),(431960,150),(431960,188),(431960,192),(431960,231),(431960,243),(431960,245),(431960,248),(431960,257),(431960,275),(431960,287),(431960,294),(431960,318),(431960,329),(431960,333),(431960,346),(435150,59),(435150,118),(435150,143),(435150,157),(435150,171),(435150,201),(435150,208),(435150,211),(435150,253),(435150,259),(435150,268),(435150,272),(435150,284),(435150,306),(435150,308),(435150,326),(435150,346),(435150,357),(435150,358),(435150,362),(440900,15),(440900,80),(440900,85),(440900,114),(440900,130),(440900,150),(440900,155),(440900,157),(440900,185),(440900,211),(440900,221),(440900,230),(440900,251),(440900,260),(440900,269),(440900,272),(440900,300),(440900,306),(440900,327),(440900,340),(453090,15),(453090,26),(453090,36),(453090,93),(453090,96),(453090,150),(453090,159),(453090,192),(453090,216),(453090,221),(453090,237),(453090,253),(453090,261),(453090,265),(453090,284),(453090,300),(453090,322),(453090,327),(453090,356),(453090,357),(460930,15),(460930,34),(460930,114),(460930,123),(460930,130),(460930,150),(460930,157),(460930,185),(460930,217),(460930,223),(460930,248),(460930,253),(460930,269),(460930,293),(460930,300),(460930,309),(460930,327),(460930,335),(460930,336),(460930,340),(475550,69),(475550,82),(475550,110),(475550,118),(475550,119),(475550,150),(475550,152),(475550,158),(475550,187),(475550,217),(475550,237),(475550,253),(475550,260),(475550,268),(475550,272),(475550,287),(475550,299),(475550,330),(475550,340),(475550,351),(477160,6),(477160,10),(477160,15),(477160,42),(477160,114),(477160,138),(477160,150),(477160,185),(477160,201),(477160,237),(477160,265),(477160,269),(477160,287),(477160,289),(477160,300),(477160,311),(477160,314),(477160,320),(477160,340),(477160,346),(489830,29),(489830,34),(489830,69),(489830,114),(489830,118),(489830,135),(489830,150),(489830,167),(489830,185),(489830,205),(489830,217),(489830,248),(489830,272),(489830,306),(489830,308),(489830,310),(489830,336),(489830,340),(489830,357),(489830,358),(493520,34),(493520,80),(493520,114),(493520,123),(493520,140),(493520,195),(493520,217),(493520,223),(493520,228),(493520,248),(493520,249),(493520,260),(493520,269),(493520,279),(493520,285),(493520,293),(493520,294),(493520,300),(493520,308),(493520,327),(504230,2),(504230,4),(504230,6),(504230,19),(504230,21),(504230,69),(504230,114),(504230,118),(504230,144),(504230,150),(504230,187),(504230,192),(504230,206),(504230,211),(504230,217),(504230,249),(504230,271),(504230,287),(504230,340),(504230,358),(508440,15),(508440,25),(508440,42),(508440,93),(508440,94),(508440,114),(508440,119),(508440,129),(508440,150),(508440,192),(508440,237),(508440,253),(508440,257),(508440,265),(508440,287),(508440,289),(508440,296),(508440,306),(508440,340),(508440,346),(513710,80),(513710,85),(513710,94),(513710,114),(513710,123),(513710,130),(513710,150),(513710,155),(513710,157),(513710,185),(513710,230),(513710,251),(513710,260),(513710,272),(513710,285),(513710,287),(513710,300),(513710,329),(513710,336),(513710,340),(518790,71),(518790,80),(518790,86),(518790,94),(518790,114),(518790,123),(518790,130),(518790,150),(518790,167),(518790,185),(518790,217),(518790,237),(518790,248),(518790,253),(518790,269),(518790,293),(518790,300),(518790,325),(518790,327),(518790,340),(526870,15),(526870,52),(526870,76),(526870,85),(526870,130),(526870,150),(526870,155),(526870,185),(526870,197),(526870,211),(526870,221),(526870,237),(526870,248),(526870,253),(526870,261),(526870,269),(526870,287),(526870,300),(526870,329),(526870,340),(527430,22),(527430,39),(527430,80),(527430,114),(527430,150),(527430,185),(527430,197),(527430,235),(527430,260),(527430,264),(527430,266),(527430,269),(527430,272),(527430,284),(527430,287),(527430,300),(527430,323),(527430,327),(527430,340),(527430,361),(529340,15),(529340,31),(529340,84),(529340,96),(529340,129),(529340,140),(529340,141),(529340,150),(529340,152),(529340,224),(529340,237),(529340,239),(529340,247),(529340,253),(529340,261),(529340,300),(529340,322),(529340,335),(529340,351),(529340,357),(534380,80),(534380,110),(534380,114),(534380,130),(534380,138),(534380,150),(534380,174),(534380,185),(534380,211),(534380,235),(534380,248),(534380,260),(534380,268),(534380,269),(534380,285),(534380,294),(534380,300),(534380,301),(534380,325),(534380,340),(536270,35),(536270,74),(536270,85),(536270,114),(536270,129),(536270,130),(536270,150),(536270,155),(536270,174),(536270,185),(536270,211),(536270,217),(536270,237),(536270,268),(536270,272),(536270,279),(536270,286),(536270,287),(536270,336),(536270,340),(546560,39),(546560,53),(546560,69),(546560,80),(546560,108),(546560,114),(546560,118),(546560,123),(546560,150),(546560,197),(546560,200),(546560,217),(546560,248),(546560,257),(546560,264),(546560,285),(546560,293),(546560,294),(546560,340),(546560,358),(548430,17),(548430,114),(548430,123),(548430,130),(548430,181),(548430,185),(548430,197),(548430,211),(548430,217),(548430,248),(548430,262),(548430,269),(548430,279),(548430,293),(548430,294),(548430,299),(548430,325),(548430,332),(548430,341),(548430,361),(552500,22),(552500,68),(552500,80),(552500,114),(552500,123),(552500,130),(552500,150),(552500,184),(552500,217),(552500,235),(552500,248),(552500,260),(552500,269),(552500,279),(552500,287),(552500,300),(552500,306),(552500,323),(552500,327),(552500,340),(553420,49),(553420,93),(553420,114),(553420,119),(553420,154),(553420,159),(553420,162),(553420,174),(553420,192),(553420,211),(553420,217),(553420,218),(553420,235),(553420,249),(553420,272),(553420,284),(553420,291),(553420,306),(553420,311),(553420,315),(559650,34),(559650,114),(559650,130),(559650,135),(559650,157),(559650,159),(559650,185),(559650,217),(559650,228),(559650,248),(559650,253),(559650,265),(559650,269),(559650,287),(559650,300),(559650,306),(559650,327),(559650,329),(559650,345),(559650,346),(570940,51),(570940,64),(570940,68),(570940,69),(570940,114),(570940,118),(570940,140),(570940,154),(570940,189),(570940,211),(570940,217),(570940,235),(570940,249),(570940,272),(570940,299),(570940,300),(570940,306),(570940,308),(570940,336),(570940,340),(578650,93),(578650,114),(578650,118),(578650,123),(578650,150),(578650,174),(578650,185),(578650,197),(578650,211),(578650,235),(578650,248),(578650,268),(578650,272),(578650,279),(578650,289),(578650,293),(578650,308),(578650,332),(578650,340),(578650,346),(582010,22),(582010,69),(582010,114),(582010,140),(582010,150),(582010,154),(582010,185),(582010,211),(582010,217),(582010,226),(582010,235),(582010,242),(582010,249),(582010,269),(582010,272),(582010,300),(582010,306),(582010,308),(582010,336),(582010,340),(582160,15),(582160,34),(582160,61),(582160,69),(582160,114),(582160,118),(582160,129),(582160,138),(582160,150),(582160,167),(582160,185),(582160,196),(582160,211),(582160,217),(582160,235),(582160,270),(582160,272),(582160,300),(582160,336),(582160,340),(582660,25),(582660,114),(582660,119),(582660,135),(582660,155),(582660,157),(582660,185),(582660,190),(582660,217),(582660,226),(582660,230),(582660,237),(582660,253),(582660,272),(582660,296),(582660,300),(582660,306),(582660,308),(582660,325),(582660,340),(588650,21),(588650,22),(588650,68),(588650,114),(588650,134),(588650,136),(588650,140),(588650,150),(588650,154),(588650,181),(588650,184),(588650,187),(588650,217),(588650,249),(588650,271),(588650,287),(588650,291),(588650,340),(588650,341),(588650,346),(594570,25),(594570,68),(594570,69),(594570,101),(594570,114),(594570,118),(594570,150),(594570,168),(594570,208),(594570,217),(594570,223),(594570,239),(594570,253),(594570,266),(594570,269),(594570,273),(594570,300),(594570,305),(594570,306),(594570,323),(594650,48),(594650,80),(594650,114),(594650,123),(594650,157),(594650,176),(594650,185),(594650,195),(594650,217),(594650,223),(594650,228),(594650,248),(594650,249),(594650,269),(594650,285),(594650,293),(594650,294),(594650,300),(594650,327),(594650,343),(602960,44),(602960,80),(602960,96),(602960,114),(602960,130),(602960,150),(602960,187),(602960,195),(602960,197),(602960,237),(602960,249),(602960,253),(602960,260),(602960,269),(602960,290),(602960,294),(602960,300),(602960,329),(602960,353),(602960,357),(612880,0),(612880,31),(612880,34),(612880,69),(612880,80),(612880,114),(612880,118),(612880,123),(612880,150),(612880,158),(612880,185),(612880,197),(612880,217),(612880,248),(612880,251),(612880,260),(612880,289),(612880,293),(612880,300),(612880,340),(613100,15),(613100,26),(613100,41),(613100,52),(613100,94),(613100,96),(613100,119),(613100,140),(613100,149),(613100,150),(613100,159),(613100,221),(613100,237),(613100,248),(613100,265),(613100,286),(613100,287),(613100,322),(613100,337),(613100,357),(620980,53),(620980,62),(620980,69),(620980,86),(620980,113),(620980,114),(620980,115),(620980,150),(620980,179),(620980,231),(620980,248),(620980,249),(620980,264),(620980,265),(620980,287),(620980,300),(620980,323),(620980,329),(620980,352),(620980,357),(629730,15),(629730,42),(629730,53),(629730,72),(629730,80),(629730,114),(629730,135),(629730,150),(629730,179),(629730,237),(629730,248),(629730,260),(629730,272),(629730,287),(629730,296),(629730,306),(629730,323),(629730,329),(629730,340),(629730,357),(632360,17),(632360,64),(632360,69),(632360,114),(632360,130),(632360,136),(632360,150),(632360,184),(632360,249),(632360,263),(632360,269),(632360,287),(632360,293),(632360,300),(632360,309),(632360,327),(632360,329),(632360,336),(632360,341),(632360,361),(635260,10),(635260,53),(635260,86),(635260,90),(635260,94),(635260,114),(635260,124),(635260,132),(635260,133),(635260,150),(635260,185),(635260,203),(635260,218),(635260,230),(635260,237),(635260,265),(635260,269),(635260,300),(635260,323),(635260,329),(640820,70),(640820,80),(640820,84),(640820,118),(640820,143),(640820,150),(640820,160),(640820,185),(640820,251),(640820,253),(640820,268),(640820,272),(640820,284),(640820,296),(640820,305),(640820,306),(640820,308),(640820,326),(640820,340),(640820,358),(641990,15),(641990,34),(641990,114),(641990,150),(641990,155),(641990,185),(641990,187),(641990,201),(641990,237),(641990,249),(641990,253),(641990,269),(641990,271),(641990,287),(641990,300),(641990,308),(641990,311),(641990,320),(641990,327),(641990,346),(646570,23),(646570,43),(646570,69),(646570,95),(646570,136),(646570,140),(646570,150),(646570,181),(646570,184),(646570,187),(646570,220),(646570,249),(646570,253),(646570,265),(646570,272),(646570,280),(646570,287),(646570,305),(646570,306),(646570,328),(648800,15),(648800,52),(648800,85),(648800,114),(648800,130),(648800,150),(648800,155),(648800,185),(648800,221),(648800,230),(648800,237),(648800,248),(648800,253),(648800,269),(648800,287),(648800,300),(648800,327),(648800,329),(648800,340),(648800,353),(653530,4),(653530,33),(653530,58),(653530,69),(653530,104),(653530,110),(653530,118),(653530,129),(653530,150),(653530,167),(653530,217),(653530,248),(653530,249),(653530,252),(653530,260),(653530,287),(653530,290),(653530,294),(653530,311),(653530,340),(655500,18),(655500,42),(655500,46),(655500,53),(655500,63),(655500,94),(655500,119),(655500,124),(655500,133),(655500,148),(655500,164),(655500,218),(655500,237),(655500,248),(655500,249),(655500,286),(655500,300),(655500,329),(655500,336),(655500,357),(686810,0),(686810,25),(686810,80),(686810,94),(686810,114),(686810,123),(686810,129),(686810,150),(686810,157),(686810,188),(686810,223),(686810,230),(686810,237),(686810,248),(686810,253),(686810,260),(686810,287),(686810,293),(686810,300),(686810,335),(694280,0),(694280,31),(694280,50),(694280,80),(694280,114),(694280,150),(694280,185),(694280,260),(694280,269),(694280,279),(694280,285),(694280,293),(694280,294),(694280,297),(694280,299),(694280,300),(694280,309),(694280,325),(694280,336),(694280,340),(698670,80),(698670,108),(698670,114),(698670,123),(698670,150),(698670,160),(698670,167),(698670,193),(698670,195),(698670,197),(698670,210),(698670,217),(698670,248),(698670,251),(698670,260),(698670,287),(698670,294),(698670,299),(698670,311),(698670,340),(699130,80),(699130,114),(699130,116),(699130,123),(699130,150),(699130,195),(699130,248),(699130,260),(699130,262),(699130,269),(699130,279),(699130,285),(699130,293),(699130,300),(699130,301),(699130,308),(699130,309),(699130,325),(699130,327),(699130,336),(702890,10),(702890,18),(702890,69),(702890,72),(702890,114),(702890,118),(702890,132),(702890,146),(702890,150),(702890,192),(702890,213),(702890,218),(702890,231),(702890,271),(702890,300),(702890,307),(703080,15),(703080,26),(703080,35),(703080,69),(703080,94),(703080,96),(703080,150),(703080,159),(703080,185),(703080,192),(703080,216),(703080,221),(703080,237),(703080,253),(703080,261),(703080,265),(703080,277),(703080,300),(703080,322),(703080,346),(719040,57),(719040,69),(719040,80),(719040,118),(719040,143),(719040,150),(719040,160),(719040,185),(719040,223),(719040,253),(719040,260),(719040,268),(719040,269),(719040,272),(719040,284),(719040,301),(719040,305),(719040,308),(719040,319),(719040,326),(728740,0),(728740,25),(728740,34),(728740,80),(728740,114),(728740,123),(728740,150),(728740,185),(728740,223),(728740,260),(728740,269),(728740,293),(728740,297),(728740,300),(728740,309),(728740,336),(728880,10),(728880,38),(728880,93),(728880,114),(728880,150),(728880,159),(728880,190),(728880,192),(728880,201),(728880,218),(728880,237),(728880,249),(728880,253),(728880,265),(728880,269),(728880,287),(728880,289),(728880,300),(728880,327),(728880,346),(739630,13),(739630,33),(739630,50),(739630,53),(739630,104),(739630,108),(739630,114),(739630,119),(739630,183),(739630,193),(739630,223),(739630,225),(739630,248),(739630,269),(739630,287),(739630,294),(739630,299),(739630,300),(739630,327),(739630,329),(745920,36),(745920,57),(745920,92),(745920,93),(745920,118),(745920,119),(745920,147),(745920,157),(745920,192),(745920,211),(745920,226),(745920,231),(745920,242),(745920,272),(745920,279),(745920,308),(745920,315),(745920,319),(745920,336),(745920,340),(752590,34),(752590,68),(752590,69),(752590,114),(752590,118),(752590,129),(752590,130),(752590,150),(752590,167),(752590,217),(752590,244),(752590,260),(752590,294),(752590,296),(752590,299),(752590,301),(752590,311),(752590,336),(752590,340),(752590,358),(761620,51),(761620,82),(761620,108),(761620,110),(761620,118),(761620,150),(761620,152),(761620,158),(761620,187),(761620,199),(761620,217),(761620,224),(761620,237),(761620,253),(761620,260),(761620,268),(761620,287),(761620,299),(761620,340),(761620,351),(774361,3),(774361,9),(774361,21),(774361,51),(774361,68),(774361,69),(774361,80),(774361,114),(774361,144),(774361,150),(774361,154),(774361,187),(774361,249),(774361,251),(774361,260),(774361,271),(774361,287),(774361,291),(774361,294),(774361,340),(788100,19),(788100,21),(788100,114),(788100,136),(788100,140),(788100,150),(788100,174),(788100,181),(788100,184),(788100,187),(788100,263),(788100,271),(788100,272),(788100,281),(788100,293),(788100,308),(788100,328),(788100,340),(788100,341),(788100,361),(799600,15),(799600,32),(799600,42),(799600,52),(799600,76),(799600,79),(799600,96),(799600,155),(799600,168),(799600,197),(799600,221),(799600,223),(799600,237),(799600,246),(799600,253),(799600,261),(799600,300),(799600,315),(799600,332),(799600,357),(805550,18),(805550,53),(805550,86),(805550,94),(805550,124),(805550,133),(805550,150),(805550,185),(805550,203),(805550,217),(805550,218),(805550,237),(805550,248),(805550,249),(805550,300),(805550,307),(805550,327),(805550,329),(805550,357),(812140,34),(812140,61),(812140,69),(812140,80),(812140,114),(812140,118),(812140,129),(812140,138),(812140,150),(812140,160),(812140,185),(812140,217),(812140,251),(812140,260),(812140,268),(812140,272),(812140,300),(812140,336),(812140,340),(812140,358),(813780,29),(813780,52),(813780,69),(813780,101),(813780,114),(813780,126),(813780,129),(813780,140),(813780,150),(813780,187),(813780,205),(813780,216),(813780,223),(813780,253),(813780,261),(813780,269),(813780,284),(813780,296),(813780,300),(813780,340),(814380,22),(814380,34),(814380,61),(814380,68),(814380,69),(814380,80),(814380,114),(814380,115),(814380,118),(814380,150),(814380,154),(814380,185),(814380,217),(814380,249),(814380,260),(814380,272),(814380,283),(814380,299),(814380,336),(814380,340),(815370,15),(815370,52),(815370,85),(815370,94),(815370,114),(815370,130),(815370,150),(815370,155),(815370,174),(815370,185),(815370,195),(815370,211),(815370,217),(815370,221),(815370,237),(815370,248),(815370,261),(815370,286),(815370,327),(815370,340),(859570,34),(859570,36),(859570,93),(859570,104),(859570,114),(859570,157),(859570,159),(859570,195),(859570,225),(859570,248),(859570,265),(859570,269),(859570,287),(859570,289),(859570,294),(859570,300),(859570,311),(859570,327),(859570,340),(859570,346),(867210,10),(867210,57),(867210,118),(867210,150),(867210,157),(867210,161),(867210,171),(867210,208),(867210,209),(867210,217),(867210,223),(867210,253),(867210,268),(867210,271),(867210,300),(867210,306),(867210,319),(867210,327),(867210,340),(867210,362),(870780,13),(870780,69),(870780,89),(870780,108),(870780,114),(870780,118),(870780,150),(870780,185),(870780,197),(870780,210),(870780,217),(870780,249),(870780,260),(870780,291),(870780,293),(870780,294),(870780,309),(870780,336),(870780,340),(870780,358),(872410,25),(872410,59),(872410,129),(872410,150),(872410,188),(872410,208),(872410,237),(872410,239),(872410,251),(872410,253),(872410,272),(872410,305),(872670,15),(872670,34),(872670,51),(872670,94),(872670,108),(872670,114),(872670,116),(872670,118),(872670,123),(872670,157),(872670,193),(872670,195),(872670,223),(872670,248),(872670,253),(872670,279),(872670,293),(872670,294),(872670,308),(872670,350),(880940,10),(880940,38),(880940,80),(880940,93),(880940,100),(880940,114),(880940,150),(880940,153),(880940,186),(880940,198),(880940,201),(880940,218),(880940,265),(880940,269),(880940,287),(880940,289),(880940,300),(880940,302),(880940,327),(880940,346),(892970,15),(892970,52),(892970,85),(892970,114),(892970,130),(892970,150),(892970,155),(892970,157),(892970,172),(892970,185),(892970,211),(892970,221),(892970,269),(892970,272),(892970,287),(892970,300),(892970,327),(892970,329),(892970,336),(892970,340),(920210,69),(920210,89),(920210,114),(920210,118),(920210,150),(920210,159),(920210,185),(920210,189),(920210,194),(920210,197),(920210,200),(920210,201),(920210,257),(920210,269),(920210,300),(920210,311),(920210,332),(920210,336),(920210,340),(920210,346),(924970,3),(924970,80),(924970,114),(924970,123),(924970,130),(924970,140),(924970,150),(924970,157),(924970,184),(924970,195),(924970,248),(924970,260),(924970,269),(924970,279),(924970,285),(924970,293),(924970,294),(924970,300),(924970,327),(924970,340),(933110,25),(933110,52),(933110,101),(933110,118),(933110,119),(933110,129),(933110,150),(933110,157),(933110,205),(933110,216),(933110,253),(933110,261),(933110,269),(933110,296),(933110,300),(933110,325),(933110,327),(933110,335),(933110,356),(933110,357),(945360,10),(945360,36),(945360,39),(945360,93),(945360,106),(945360,114),(945360,130),(945360,153),(945360,157),(945360,186),(945360,187),(945360,197),(945360,265),(945360,269),(945360,300),(945360,315),(945360,327),(945360,332),(945360,338),(945360,346),(960090,15),(960090,36),(960090,69),(960090,114),(960090,119),(960090,120),(960090,130),(960090,150),(960090,159),(960090,187),(960090,192),(960090,249),(960090,253),(960090,265),(960090,269),(960090,287),(960090,300),(960090,327),(960090,340),(960090,346),(962130,15),(962130,52),(962130,85),(962130,114),(962130,130),(962130,150),(962130,155),(962130,185),(962130,192),(962130,211),(962130,248),(962130,269),(962130,272),(962130,294),(962130,300),(962130,327),(962130,329),(962130,336),(962130,340),(962130,346),(973230,22),(973230,42),(973230,48),(973230,94),(973230,114),(973230,129),(973230,136),(973230,140),(973230,150),(973230,184),(973230,217),(973230,237),(973230,253),(973230,272),(973230,296),(973230,308),(973230,329),(973230,336),(973230,341),(973230,342),(976310,3),(976310,10),(976310,69),(976310,72),(976310,80),(976310,114),(976310,118),(976310,132),(976310,150),(976310,160),(976310,188),(976310,192),(976310,209),(976310,213),(976310,217),(976310,260),(976310,294),(976310,300),(976310,307),(976310,308),(976730,39),(976730,51),(976730,69),(976730,89),(976730,114),(976730,118),(976730,123),(976730,150),(976730,197),(976730,200),(976730,205),(976730,217),(976730,248),(976730,269),(976730,293),(976730,294),(976730,300),(976730,327),(976730,332),(976730,340),(992300,22),(992300,65),(992300,80),(992300,114),(992300,119),(992300,123),(992300,136),(992300,150),(992300,160),(992300,188),(992300,219),(992300,235),(992300,251),(992300,260),(992300,272),(992300,287),(992300,293),(992300,329),(992300,341),(992300,358),(997010,41),(997010,94),(997010,119),(997010,133),(997010,150),(997010,183),(997010,185),(997010,211),(997010,212),(997010,237),(997010,268),(997010,269),(997010,286),(997010,300),(997010,308),(997010,327),(997010,329),(997010,336),(997010,350),(997010,358),(1000360,10),(1000360,20),(1000360,42),(1000360,53),(1000360,65),(1000360,72),(1000360,86),(1000360,94),(1000360,114),(1000360,129),(1000360,132),(1000360,150),(1000360,157),(1000360,179),(1000360,248),(1000360,279),(1000360,296),(1000360,308),(1000360,325),(1000360,336),(1003590,10),(1003590,49),(1003590,53),(1003590,69),(1003590,93),(1003590,146),(1003590,150),(1003590,157),(1003590,200),(1003590,201),(1003590,218),(1003590,240),(1003590,265),(1003590,267),(1003590,269),(1003590,287),(1003590,300),(1003590,311),(1003590,316),(1003590,327),(1029690,0),(1029690,25),(1029690,34),(1029690,80),(1029690,114),(1029690,116),(1029690,123),(1029690,150),(1029690,160),(1029690,174),(1029690,185),(1029690,260),(1029690,269),(1029690,293),(1029690,297),(1029690,300),(1029690,309),(1029690,327),(1029690,336),(1029690,340),(1030840,29),(1030840,69),(1030840,80),(1030840,114),(1030840,118),(1030840,124),(1030840,150),(1030840,160),(1030840,185),(1030840,188),(1030840,205),(1030840,212),(1030840,217),(1030840,252),(1030840,260),(1030840,293),(1030840,300),(1030840,309),(1030840,336),(1030840,340),(1044720,15),(1044720,31),(1044720,85),(1044720,94),(1044720,96),(1044720,101),(1044720,119),(1044720,130),(1044720,150),(1044720,161),(1044720,202),(1044720,216),(1044720,221),(1044720,237),(1044720,253),(1044720,261),(1044720,286),(1044720,322),(1044720,335),(1044720,349),(1057090,21),(1057090,69),(1057090,114),(1057090,118),(1057090,150),(1057090,154),(1057090,174),(1057090,185),(1057090,187),(1057090,192),(1057090,200),(1057090,211),(1057090,217),(1057090,244),(1057090,249),(1057090,287),(1057090,291),(1057090,306),(1057090,311),(1057090,340),(1059990,83),(1059990,88),(1059990,93),(1059990,115),(1059990,119),(1059990,150),(1059990,154),(1059990,192),(1059990,227),(1059990,238),(1059990,265),(1059990,287),(1059990,289),(1059990,346),(1059990,352),(1062090,15),(1062090,52),(1062090,74),(1062090,76),(1062090,96),(1062090,119),(1062090,130),(1062090,150),(1062090,182),(1062090,216),(1062090,221),(1062090,237),(1062090,253),(1062090,261),(1062090,292),(1062090,301),(1062090,315),(1062090,322),(1062090,349),(1062090,356),(1062520,15),(1062520,26),(1062520,54),(1062520,71),(1062520,85),(1062520,91),(1062520,111),(1062520,150),(1062520,155),(1062520,182),(1062520,185),(1062520,192),(1062520,211),(1062520,221),(1062520,246),(1062520,269),(1062520,272),(1062520,308),(1062520,327),(1062520,340),(1063660,30),(1063660,34),(1063660,36),(1063660,69),(1063660,114),(1063660,118),(1063660,130),(1063660,150),(1063660,174),(1063660,195),(1063660,217),(1063660,248),(1063660,253),(1063660,265),(1063660,287),(1063660,294),(1063660,299),(1063660,311),(1063660,325),(1063660,340),(1063730,15),(1063730,85),(1063730,114),(1063730,150),(1063730,155),(1063730,157),(1063730,160),(1063730,167),(1063730,185),(1063730,226),(1063730,230),(1063730,260),(1063730,269),(1063730,272),(1063730,279),(1063730,300),(1063730,306),(1063730,308),(1063730,336),(1063730,340),(1065310,22),(1065310,50),(1065310,80),(1065310,114),(1065310,118),(1065310,150),(1065310,174),(1065310,175),(1065310,176),(1065310,236),(1065310,258),(1065310,260),(1065310,269),(1065310,272),(1065310,293),(1065310,300),(1065310,309),(1065310,327),(1065310,336),(1065310,340),(1086940,34),(1086940,57),(1086940,59),(1086940,68),(1086940,78),(1086940,118),(1086940,143),(1086940,146),(1086940,155),(1086940,157),(1086940,228),(1086940,259),(1086940,262),(1086940,268),(1086940,272),(1086940,279),(1086940,284),(1086940,306),(1086940,308),(1086940,325),(1089090,22),(1089090,45),(1089090,58),(1089090,72),(1089090,114),(1089090,132),(1089090,150),(1089090,157),(1089090,175),(1089090,185),(1089090,201),(1089090,218),(1089090,231),(1089090,269),(1089090,272),(1089090,289),(1089090,300),(1089090,320),(1089090,327),(1089090,340),(1091500,69),(1091500,114),(1091500,118),(1091500,123),(1091500,150),(1091500,185),(1091500,188),(1091500,197),(1091500,211),(1091500,217),(1091500,235),(1091500,248),(1091500,251),(1091500,260),(1091500,264),(1091500,272),(1091500,281),(1091500,286),(1091500,308),(1091500,340),(1092790,23),(1092790,82),(1092790,83),(1092790,102),(1092790,118),(1092790,119),(1092790,136),(1092790,184),(1092790,187),(1092790,210),(1092790,220),(1092790,248),(1092790,253),(1092790,271),(1092790,280),(1092790,294),(1092790,299),(1092790,311),(1092790,338),(1092790,340),(1096530,34),(1096530,70),(1096530,118),(1096530,143),(1096530,150),(1096530,228),(1096530,259),(1096530,262),(1096530,268),(1096530,269),(1096530,272),(1096530,279),(1096530,284),(1096530,300),(1096530,306),(1096530,308),(1096530,325),(1096530,326),(1096530,329),(1096530,340),(1113410,15),(1113410,52),(1113410,85),(1113410,114),(1113410,130),(1113410,150),(1113410,155),(1113410,185),(1113410,197),(1113410,221),(1113410,230),(1113410,248),(1113410,260),(1113410,269),(1113410,272),(1113410,273),(1113410,287),(1113410,300),(1113410,310),(1113410,340),(1119730,15),(1119730,26),(1119730,35),(1119730,71),(1119730,91),(1119730,94),(1119730,96),(1119730,150),(1119730,185),(1119730,191),(1119730,203),(1119730,221),(1119730,237),(1119730,248),(1119730,269),(1119730,286),(1119730,287),(1119730,300),(1119730,322),(1119730,327),(1142710,25),(1142710,68),(1142710,93),(1142710,101),(1142710,114),(1142710,118),(1142710,150),(1142710,157),(1142710,168),(1142710,208),(1142710,217),(1142710,223),(1142710,239),(1142710,253),(1142710,269),(1142710,300),(1142710,306),(1142710,323),(1142710,327),(1142710,329),(1144200,80),(1144200,94),(1144200,114),(1144200,116),(1144200,123),(1144200,150),(1144200,212),(1144200,217),(1144200,223),(1144200,241),(1144200,248),(1144200,259),(1144200,260),(1144200,269),(1144200,293),(1144200,294),(1144200,300),(1144200,325),(1144200,329),(1144200,350),(1145360,22),(1145360,48),(1145360,69),(1145360,114),(1145360,118),(1145360,136),(1145360,140),(1145360,150),(1145360,154),(1145360,172),(1145360,184),(1145360,217),(1145360,235),(1145360,249),(1145360,272),(1145360,284),(1145360,287),(1145360,328),(1145360,341),(1145360,354),(1148760,23),(1148760,54),(1148760,96),(1148760,110),(1148760,118),(1148760,130),(1148760,150),(1148760,169),(1148760,197),(1148760,237),(1148760,255),(1148760,264),(1148760,268),(1148760,272),(1148760,280),(1148760,288),(1148760,303),(1148760,305),(1148760,344),(1148760,354),(1149460,15),(1149460,35),(1149460,52),(1149460,74),(1149460,85),(1149460,94),(1149460,130),(1149460,155),(1149460,185),(1149460,211),(1149460,221),(1149460,246),(1149460,248),(1149460,269),(1149460,279),(1149460,300),(1149460,327),(1149460,332),(1149460,336),(1149460,340),(1149620,26),(1149620,52),(1149620,94),(1149620,96),(1149620,149),(1149620,150),(1149620,155),(1149620,159),(1149620,185),(1149620,221),(1149620,237),(1149620,248),(1149620,257),(1149620,265),(1149620,268),(1149620,287),(1149620,300),(1149620,322),(1149620,337),(1149620,346),(1149640,15),(1149640,52),(1149640,96),(1149640,130),(1149640,150),(1149640,197),(1149640,216),(1149640,237),(1149640,253),(1149640,287),(1149640,332),(1149640,349),(1151340,28),(1151340,52),(1151340,69),(1151340,80),(1151340,123),(1151340,130),(1151340,150),(1151340,185),(1151340,211),(1151340,217),(1151340,226),(1151340,247),(1151340,260),(1151340,269),(1151340,272),(1151340,293),(1151340,294),(1151340,300),(1151340,301),(1151340,329),(1151640,34),(1151640,69),(1151640,71),(1151640,114),(1151640,118),(1151640,137),(1151640,150),(1151640,151),(1151640,185),(1151640,197),(1151640,200),(1151640,211),(1151640,217),(1151640,235),(1151640,272),(1151640,273),(1151640,301),(1151640,336),(1151640,340),(1151640,358),(1158160,15),(1158160,26),(1158160,36),(1158160,54),(1158160,91),(1158160,111),(1158160,119),(1158160,150),(1158160,155),(1158160,182),(1158160,185),(1158160,221),(1158160,237),(1158160,246),(1158160,265),(1158160,272),(1158160,287),(1158160,308),(1158160,340),(1158160,344),(1158310,15),(1158310,25),(1158310,84),(1158310,96),(1158310,129),(1158310,150),(1158310,152),(1158310,157),(1158310,160),(1158310,237),(1158310,239),(1158310,251),(1158310,253),(1158310,268),(1158310,272),(1158310,296),(1158310,300),(1158310,308),(1158310,344),(1158310,357),(1167630,6),(1167630,15),(1167630,42),(1167630,94),(1167630,114),(1167630,119),(1167630,140),(1167630,150),(1167630,185),(1167630,196),(1167630,203),(1167630,223),(1167630,237),(1167630,248),(1167630,286),(1167630,287),(1167630,292),(1167630,298),(1167630,311),(1167630,337),(1172380,21),(1172380,22),(1172380,72),(1172380,114),(1172380,118),(1172380,154),(1172380,159),(1172380,174),(1172380,179),(1172380,185),(1172380,197),(1172380,211),(1172380,217),(1172380,272),(1172380,291),(1172380,306),(1172380,311),(1172380,332),(1172380,336),(1172380,340),(1172620,58),(1172620,69),(1172620,98),(1172620,114),(1172620,123),(1172620,150),(1172620,157),(1172620,179),(1172620,185),(1172620,211),(1172620,217),(1172620,230),(1172620,248),(1172620,269),(1172620,279),(1172620,290),(1172620,300),(1172620,327),(1172620,340),(1172620,346),(1174180,15),(1174180,69),(1174180,80),(1174180,94),(1174180,114),(1174180,118),(1174180,123),(1174180,150),(1174180,176),(1174180,185),(1174180,188),(1174180,200),(1174180,217),(1174180,248),(1174180,277),(1174180,293),(1174180,300),(1174180,309),(1174180,336),(1174180,340),(1178830,22),(1178830,80),(1178830,94),(1178830,114),(1178830,123),(1178830,150),(1178830,154),(1178830,160),(1178830,179),(1178830,188),(1178830,197),(1178830,233),(1178830,248),(1178830,260),(1178830,264),(1178830,287),(1178830,293),(1178830,300),(1178830,308),(1178830,358),(1182900,31),(1182900,78),(1182900,94),(1182900,104),(1182900,114),(1182900,119),(1182900,129),(1182900,139),(1182900,150),(1182900,163),(1182900,174),(1182900,211),(1182900,217),(1182900,244),(1182900,255),(1182900,296),(1182900,299),(1182900,336),(1182900,340),(1182900,358),(1184370,57),(1184370,59),(1184370,68),(1184370,78),(1184370,118),(1184370,143),(1184370,208),(1184370,228),(1184370,249),(1184370,253),(1184370,260),(1184370,262),(1184370,268),(1184370,272),(1184370,284),(1184370,303),(1184370,306),(1184370,308),(1184370,325),(1184370,340),(1190000,15),(1190000,41),(1190000,69),(1190000,94),(1190000,119),(1190000,124),(1190000,133),(1190000,150),(1190000,185),(1190000,186),(1190000,203),(1190000,217),(1190000,237),(1190000,248),(1190000,253),(1190000,286),(1190000,287),(1190000,311),(1190000,340),(1190000,357),(1196590,53),(1196590,80),(1196590,108),(1196590,114),(1196590,118),(1196590,123),(1196590,130),(1196590,150),(1196590,160),(1196590,185),(1196590,195),(1196590,217),(1196590,248),(1196590,251),(1196590,260),(1196590,285),(1196590,294),(1196590,299),(1196590,300),(1196590,340),(1203220,22),(1203220,65),(1203220,72),(1203220,80),(1203220,114),(1203220,130),(1203220,138),(1203220,157),(1203220,179),(1203220,188),(1203220,189),(1203220,230),(1203220,231),(1203220,260),(1203220,300),(1203220,308),(1203220,336),(1203220,340),(1203220,343),(1203220,358),(1205520,33),(1205520,49),(1205520,104),(1205520,110),(1205520,118),(1205520,127),(1205520,129),(1205520,150),(1205520,183),(1205520,187),(1205520,211),(1205520,218),(1205520,255),(1205520,265),(1205520,268),(1205520,272),(1205520,296),(1205520,303),(1205520,340),(1205520,354),(1206560,15),(1206560,26),(1206560,54),(1206560,77),(1206560,96),(1206560,172),(1206560,181),(1206560,204),(1206560,211),(1206560,221),(1206560,224),(1206560,237),(1206560,271),(1206560,287),(1206560,296),(1206560,306),(1206560,313),(1206560,337),(1206560,349),(1206560,351),(1206610,10),(1206610,38),(1206610,42),(1206610,72),(1206610,100),(1206610,114),(1206610,153),(1206610,157),(1206610,159),(1206610,175),(1206610,192),(1206610,196),(1206610,201),(1206610,265),(1206610,269),(1206610,289),(1206610,300),(1206610,327),(1206610,337),(1206610,346),(1217060,17),(1217060,113),(1217060,114),(1217060,123),(1217060,136),(1217060,140),(1217060,150),(1217060,184),(1217060,248),(1217060,269),(1217060,272),(1217060,287),(1217060,293),(1217060,300),(1217060,327),(1217060,328),(1217060,329),(1217060,340),(1217060,341),(1217060,361),(1222690,69),(1222690,114),(1222690,118),(1222690,143),(1222690,150),(1222690,160),(1222690,185),(1222690,217),(1222690,235),(1222690,253),(1222690,268),(1222690,272),(1222690,300),(1222690,306),(1222690,308),(1222690,310),(1222690,325),(1222690,336),(1222690,340),(1222690,358),(1222730,32),(1222730,53),(1222730,103),(1222730,114),(1222730,123),(1222730,150),(1222730,157),(1222730,197),(1222730,218),(1222730,237),(1222730,248),(1222730,253),(1222730,269),(1222730,293),(1222730,300),(1222730,321),(1222730,327),(1222730,332),(1222730,340),(1222730,358),(1227890,37),(1227890,110),(1227890,123),(1227890,150),(1227890,160),(1227890,169),(1227890,178),(1227890,187),(1227890,188),(1227890,189),(1227890,231),(1227890,237),(1227890,242),(1227890,251),(1227890,257),(1227890,271),(1227890,272),(1227890,287),(1227890,340),(1227890,346),(1237320,21),(1237320,51),(1237320,69),(1237320,93),(1237320,113),(1237320,114),(1237320,118),(1237320,119),(1237320,150),(1237320,174),(1237320,185),(1237320,188),(1237320,211),(1237320,235),(1237320,289),(1237320,306),(1237320,314),(1237320,325),(1237320,336),(1237320,340),(1237970,107),(1237970,113),(1237970,114),(1237970,123),(1237970,138),(1237970,150),(1237970,157),(1237970,170),(1237970,197),(1237970,228),(1237970,248),(1237970,260),(1237970,264),(1237970,269),(1237970,293),(1237970,295),(1237970,300),(1237970,325),(1237970,335),(1237970,344),(1238020,59),(1238020,84),(1238020,114),(1238020,118),(1238020,150),(1238020,163),(1238020,197),(1238020,235),(1238020,253),(1238020,260),(1238020,268),(1238020,269),(1238020,272),(1238020,293),(1238020,300),(1238020,308),(1238020,309),(1238020,327),(1238020,332),(1238020,336),(1238810,0),(1238810,25),(1238810,114),(1238810,123),(1238810,129),(1238810,150),(1238810,157),(1238810,160),(1238810,185),(1238810,217),(1238810,230),(1238810,248),(1238810,260),(1238810,293),(1238810,300),(1238810,325),(1238810,335),(1238810,337),(1238810,343),(1238810,358),(1238840,25),(1238840,42),(1238840,69),(1238840,80),(1238840,114),(1238840,123),(1238840,129),(1238840,150),(1238840,157),(1238840,185),(1238840,188),(1238840,217),(1238840,222),(1238840,230),(1238840,248),(1238840,260),(1238840,293),(1238840,300),(1238840,304),(1238840,337),(1238860,25),(1238860,69),(1238860,114),(1238860,118),(1238860,123),(1238860,150),(1238860,157),(1238860,185),(1238860,218),(1238860,223),(1238860,230),(1238860,248),(1238860,253),(1238860,260),(1238860,269),(1238860,293),(1238860,300),(1238860,327),(1238860,335),(1238860,337),(1245620,68),(1245620,69),(1245620,114),(1245620,119),(1245620,150),(1245620,154),(1245620,157),(1245620,159),(1245620,185),(1245620,217),(1245620,235),(1245620,249),(1245620,260),(1245620,269),(1245620,272),(1245620,300),(1245620,306),(1245620,308),(1245620,327),(1245620,336),(1248130,15),(1248130,35),(1248130,91),(1248130,96),(1248130,119),(1248130,159),(1248130,182),(1248130,185),(1248130,237),(1248130,248),(1248130,269),(1248130,277),(1248130,286),(1248130,300),(1248130,308),(1248130,322),(1248130,327),(1248130,336),(1248130,350),(1248130,357),(1250410,42),(1250410,53),(1250410,89),(1250410,93),(1250410,94),(1250410,108),(1250410,126),(1250410,150),(1250410,159),(1250410,185),(1250410,200),(1250410,210),(1250410,217),(1250410,218),(1250410,233),(1250410,237),(1250410,300),(1250410,321),(1250410,340),(1250410,359),(1252330,34),(1252330,61),(1252330,80),(1252330,114),(1252330,118),(1252330,123),(1252330,138),(1252330,150),(1252330,157),(1252330,160),(1252330,174),(1252330,184),(1252330,223),(1252330,248),(1252330,260),(1252330,286),(1252330,293),(1252330,300),(1252330,340),(1252330,355),(1255630,10),(1255630,72),(1255630,86),(1255630,157),(1255630,160),(1255630,201),(1255630,218),(1255630,237),(1255630,250),(1255630,251),(1255630,260),(1255630,269),(1255630,300),(1255630,308),(1255630,327),(1262350,104),(1262350,108),(1262350,114),(1262350,119),(1262350,150),(1262350,158),(1262350,163),(1262350,174),(1262350,193),(1262350,195),(1262350,197),(1262350,217),(1262350,260),(1262350,281),(1262350,293),(1262350,299),(1262350,309),(1262350,311),(1262350,340),(1262350,358),(1273400,26),(1273400,41),(1273400,42),(1273400,94),(1273400,133),(1273400,142),(1273400,150),(1273400,159),(1273400,185),(1273400,203),(1273400,216),(1273400,221),(1273400,237),(1273400,248),(1273400,265),(1273400,286),(1273400,300),(1273400,327),(1273400,336),(1273400,358),(1274570,34),(1274570,53),(1274570,80),(1274570,108),(1274570,114),(1274570,130),(1274570,150),(1274570,160),(1274570,195),(1274570,217),(1274570,248),(1274570,249),(1274570,260),(1274570,269),(1274570,287),(1274570,294),(1274570,299),(1274570,300),(1274570,311),(1274570,327),(1281590,13),(1281590,50),(1281590,104),(1281590,108),(1281590,110),(1281590,118),(1281590,119),(1281590,131),(1281590,162),(1281590,172),(1281590,174),(1281590,195),(1281590,214),(1281590,217),(1281590,268),(1281590,294),(1281590,299),(1281590,335),(1281590,336),(1281590,340),(1286580,10),(1286580,69),(1286580,93),(1286580,114),(1286580,136),(1286580,150),(1286580,156),(1286580,184),(1286580,187),(1286580,192),(1286580,201),(1286580,269),(1286580,287),(1286580,290),(1286580,300),(1286580,306),(1286580,325),(1286580,327),(1286580,341),(1286680,17),(1286680,49),(1286680,78),(1286680,114),(1286680,119),(1286680,123),(1286680,150),(1286680,201),(1286680,262),(1286680,269),(1286680,272),(1286680,279),(1286680,289),(1286680,293),(1286680,300),(1286680,306),(1286680,308),(1286680,327),(1286680,340),(1286680,361),(1288320,26),(1288320,34),(1288320,35),(1288320,71),(1288320,93),(1288320,94),(1288320,116),(1288320,119),(1288320,123),(1288320,150),(1288320,185),(1288320,211),(1288320,218),(1288320,248),(1288320,269),(1288320,293),(1288320,300),(1288320,327),(1288320,340),(1288320,350),(1290000,15),(1290000,26),(1290000,93),(1290000,94),(1290000,109),(1290000,118),(1290000,119),(1290000,123),(1290000,150),(1290000,159),(1290000,217),(1290000,237),(1290000,248),(1290000,269),(1290000,286),(1290000,287),(1290000,300),(1290000,327),(1290000,346),(1290000,360),(1293830,69),(1293830,86),(1293830,94),(1293830,114),(1293830,124),(1293830,132),(1293830,133),(1293830,150),(1293830,157),(1293830,185),(1293830,203),(1293830,211),(1293830,217),(1293830,218),(1293830,237),(1293830,248),(1293830,300),(1293830,327),(1293830,340),(1293830,346),(1296610,4),(1296610,42),(1296610,48),(1296610,57),(1296610,136),(1296610,140),(1296610,150),(1296610,177),(1296610,184),(1296610,187),(1296610,192),(1296610,253),(1296610,265),(1296610,271),(1296610,272),(1296610,280),(1296610,287),(1296610,305),(1296610,306),(1296610,329),(1296830,50),(1296830,65),(1296830,68),(1296830,110),(1296830,114),(1296830,118),(1296830,128),(1296830,136),(1296830,150),(1296830,172),(1296830,174),(1296830,184),(1296830,187),(1296830,231),(1296830,272),(1296830,287),(1296830,308),(1296830,315),(1296830,340),(1296830,341),(1307550,15),(1307550,22),(1307550,76),(1307550,85),(1307550,114),(1307550,130),(1307550,150),(1307550,155),(1307550,185),(1307550,221),(1307550,231),(1307550,269),(1307550,272),(1307550,287),(1307550,300),(1307550,308),(1307550,327),(1307550,329),(1307550,336),(1307550,340),(1313140,52),(1313140,93),(1313140,105),(1313140,114),(1313140,150),(1313140,184),(1313140,187),(1313140,192),(1313140,218),(1313140,221),(1313140,253),(1313140,306),(1313140,308),(1313140,328),(1313140,330),(1313140,336),(1313140,340),(1313140,341),(1313140,346),(1313140,349),(1324130,52),(1324130,71),(1324130,96),(1324130,112),(1324130,119),(1324130,130),(1324130,146),(1324130,150),(1324130,155),(1324130,190),(1324130,197),(1324130,221),(1324130,237),(1324130,253),(1324130,261),(1324130,268),(1324130,325),(1324130,332),(1324130,337),(1324130,349),(1332010,34),(1332010,93),(1332010,104),(1332010,114),(1332010,137),(1332010,150),(1332010,158),(1332010,185),(1332010,192),(1332010,197),(1332010,200),(1332010,211),(1332010,217),(1332010,278),(1332010,281),(1332010,287),(1332010,294),(1332010,311),(1332010,336),(1332010,340),(1336490,15),(1336490,52),(1336490,96),(1336490,101),(1336490,130),(1336490,136),(1336490,140),(1336490,150),(1336490,155),(1336490,185),(1336490,216),(1336490,221),(1336490,237),(1336490,253),(1336490,261),(1336490,296),(1336490,322),(1336490,329),(1336490,349),(1336490,357),(1343240,9),(1343240,22),(1343240,68),(1343240,72),(1343240,80),(1343240,114),(1343240,119),(1343240,150),(1343240,154),(1343240,217),(1343240,235),(1343240,249),(1343240,272),(1343240,294),(1343240,296),(1343240,299),(1343240,301),(1343240,306),(1343240,325),(1343240,336),(1350650,59),(1350650,73),(1350650,94),(1350650,110),(1350650,118),(1350650,139),(1350650,140),(1350650,150),(1350650,160),(1350650,169),(1350650,173),(1350650,188),(1350650,189),(1350650,251),(1350650,268),(1350650,287),(1350650,289),(1350650,303),(1350650,340),(1350650,344),(1361210,17),(1361210,22),(1361210,80),(1361210,114),(1361210,123),(1361210,150),(1361210,174),(1361210,195),(1361210,197),(1361210,217),(1361210,248),(1361210,260),(1361210,266),(1361210,269),(1361210,279),(1361210,293),(1361210,300),(1361210,308),(1361210,327),(1361210,340),(1361510,65),(1361510,93),(1361510,114),(1361510,132),(1361510,144),(1361510,150),(1361510,159),(1361510,174),(1361510,175),(1361510,187),(1361510,217),(1361510,227),(1361510,254),(1361510,259),(1361510,271),(1361510,283),(1361510,287),(1361510,289),(1361510,300),(1361510,340),(1372110,19),(1372110,20),(1372110,69),(1372110,72),(1372110,93),(1372110,114),(1372110,118),(1372110,119),(1372110,157),(1372110,159),(1372110,160),(1372110,187),(1372110,209),(1372110,213),(1372110,231),(1372110,257),(1372110,260),(1372110,300),(1384160,10),(1384160,51),(1384160,69),(1384160,72),(1384160,114),(1384160,118),(1384160,119),(1384160,132),(1384160,139),(1384160,150),(1384160,157),(1384160,163),(1384160,187),(1384160,209),(1384160,213),(1384160,231),(1384160,265),(1384160,300),(1384160,306),(1384160,325),(1392840,52),(1392840,130),(1392840,237),(1392840,253),(1392840,287),(1392840,349),(1392840,357),(1401590,15),(1401590,26),(1401590,54),(1401590,93),(1401590,111),(1401590,118),(1401590,119),(1401590,135),(1401590,150),(1401590,155),(1401590,190),(1401590,211),(1401590,237),(1401590,265),(1401590,279),(1401590,286),(1401590,303),(1401590,308),(1401590,329),(1401590,340),(1418630,3),(1418630,80),(1418630,106),(1418630,114),(1418630,130),(1418630,157),(1418630,217),(1418630,228),(1418630,248),(1418630,249),(1418630,253),(1418630,269),(1418630,287),(1418630,294),(1418630,299),(1418630,300),(1418630,327),(1418630,338),(1418630,340),(1418630,346),(1426210,6),(1426210,10),(1426210,21),(1426210,114),(1426210,118),(1426210,174),(1426210,186),(1426210,201),(1426210,211),(1426210,217),(1426210,244),(1426210,259),(1426210,269),(1426210,300),(1426210,311),(1426210,314),(1426210,320),(1426210,327),(1426210,340),(1426210,358),(1435790,75),(1435790,82),(1435790,104),(1435790,118),(1435790,150),(1435790,167),(1435790,183),(1435790,211),(1435790,217),(1435790,218),(1435790,237),(1435790,248),(1435790,265),(1435790,269),(1435790,287),(1435790,300),(1435790,308),(1435790,311),(1435790,327),(1435790,356),(1446780,35),(1446780,71),(1446780,114),(1446780,119),(1446780,150),(1446780,154),(1446780,217),(1446780,231),(1446780,235),(1446780,242),(1446780,269),(1446780,272),(1446780,279),(1446780,283),(1446780,300),(1446780,306),(1446780,308),(1446780,310),(1446780,327),(1446780,336),(1451090,4),(1451090,57),(1451090,69),(1451090,118),(1451090,150),(1451090,171),(1451090,209),(1451090,237),(1451090,242),(1451090,271),(1451090,272),(1451090,284),(1451090,305),(1451090,306),(1451090,319),(1451090,326),(1451090,362),(1451480,15),(1451480,34),(1451480,36),(1451480,42),(1451480,93),(1451480,99),(1451480,114),(1451480,157),(1451480,174),(1451480,196),(1451480,265),(1451480,268),(1451480,269),(1451480,289),(1451480,300),(1451480,308),(1451480,309),(1451480,325),(1451480,327),(1451480,346),(1462040,7),(1462040,94),(1462040,114),(1462040,118),(1462040,119),(1462040,135),(1462040,139),(1462040,150),(1462040,163),(1462040,174),(1462040,197),(1462040,218),(1462040,235),(1462040,242),(1462040,272),(1462040,306),(1462040,314),(1462040,326),(1462040,336),(1462040,340),(1465360,15),(1465360,35),(1465360,42),(1465360,94),(1465360,124),(1465360,133),(1465360,185),(1465360,203),(1465360,211),(1465360,215),(1465360,217),(1465360,228),(1465360,237),(1465360,248),(1465360,279),(1465360,286),(1465360,300),(1465360,324),(1465360,336),(1465360,340),(1465750,185),(1465750,203),(1465750,237),(1465750,287),(1466860,25),(1466860,52),(1466860,96),(1466860,101),(1466860,119),(1466860,129),(1466860,150),(1466860,157),(1466860,185),(1466860,188),(1466860,216),(1466860,253),(1466860,261),(1466860,269),(1466860,279),(1466860,284),(1466860,296),(1466860,300),(1466860,327),(1466860,347),(1483870,26),(1483870,41),(1483870,49),(1483870,56),(1483870,67),(1483870,83),(1483870,157),(1483870,159),(1483870,178),(1483870,187),(1483870,227),(1483870,229),(1483870,265),(1483870,269),(1483870,289),(1483870,300),(1483870,316),(1483870,327),(1483870,346),(1483870,354),(1493760,15),(1493760,26),(1493760,36),(1493760,54),(1493760,96),(1493760,150),(1493760,159),(1493760,178),(1493760,185),(1493760,192),(1493760,206),(1493760,237),(1493760,253),(1493760,257),(1493760,265),(1493760,286),(1493760,289),(1493760,308),(1493760,346),(1493760,358),(1496790,34),(1496790,114),(1496790,118),(1496790,125),(1496790,150),(1496790,174),(1496790,185),(1496790,212),(1496790,217),(1496790,235),(1496790,254),(1496790,269),(1496790,272),(1496790,299),(1496790,300),(1496790,308),(1496790,325),(1496790,327),(1496790,336),(1496790,340),(1498140,15),(1498140,26),(1498140,52),(1498140,54),(1498140,94),(1498140,96),(1498140,119),(1498140,149),(1498140,150),(1498140,159),(1498140,190),(1498140,221),(1498140,237),(1498140,248),(1498140,261),(1498140,265),(1498140,276),(1498140,286),(1498140,322),(1498140,346),(1498570,69),(1498570,72),(1498570,114),(1498570,119),(1498570,132),(1498570,150),(1498570,157),(1498570,160),(1498570,209),(1498570,213),(1498570,231),(1498570,300),(1498570,307),(1506830,10),(1506830,18),(1506830,42),(1506830,81),(1506830,86),(1506830,94),(1506830,150),(1506830,157),(1506830,159),(1506830,163),(1506830,201),(1506830,218),(1506830,228),(1506830,237),(1506830,269),(1506830,286),(1506830,300),(1506830,307),(1506830,327),(1506830,348),(1509960,4),(1509960,6),(1509960,10),(1509960,21),(1509960,114),(1509960,153),(1509960,154),(1509960,187),(1509960,192),(1509960,201),(1509960,249),(1509960,265),(1509960,269),(1509960,271),(1509960,287),(1509960,294),(1509960,300),(1509960,311),(1509960,327),(1509960,346),(1515210,10),(1515210,47),(1515210,75),(1515210,82),(1515210,104),(1515210,108),(1515210,118),(1515210,119),(1515210,187),(1515210,201),(1515210,210),(1515210,217),(1515210,225),(1515210,269),(1515210,287),(1515210,294),(1515210,300),(1515210,311),(1515210,327),(1515210,340),(1517290,25),(1517290,42),(1517290,79),(1517290,108),(1517290,114),(1517290,123),(1517290,150),(1517290,157),(1517290,163),(1517290,228),(1517290,241),(1517290,248),(1517290,264),(1517290,293),(1517290,295),(1517290,300),(1517290,325),(1517290,335),(1517290,337),(1517290,340),(1527950,15),(1527950,57),(1527950,118),(1527950,119),(1527950,130),(1527950,150),(1527950,171),(1527950,185),(1527950,208),(1527950,211),(1527950,223),(1527950,253),(1527950,260),(1527950,272),(1527950,287),(1527950,296),(1527950,305),(1527950,306),(1527950,329),(1527950,340),(1533420,2),(1533420,21),(1533420,23),(1533420,49),(1533420,69),(1533420,104),(1533420,113),(1533420,114),(1533420,118),(1533420,119),(1533420,123),(1533420,138),(1533420,150),(1533420,231),(1533420,248),(1533420,287),(1533420,293),(1533420,314),(1533420,340),(1533420,344),(1544020,67),(1544020,94),(1544020,97),(1544020,114),(1544020,118),(1544020,119),(1544020,137),(1544020,163),(1544020,174),(1544020,195),(1544020,197),(1544020,264),(1544020,279),(1544020,293),(1544020,294),(1544020,299),(1544020,309),(1544020,332),(1544020,336),(1544020,340),(1551360,86),(1551360,94),(1551360,114),(1551360,124),(1551360,132),(1551360,133),(1551360,150),(1551360,157),(1551360,185),(1551360,200),(1551360,203),(1551360,211),(1551360,217),(1551360,237),(1551360,248),(1551360,269),(1551360,300),(1551360,327),(1551360,336),(1551360,340),(1556790,25),(1556790,94),(1556790,114),(1556790,119),(1556790,123),(1556790,129),(1556790,150),(1556790,157),(1556790,217),(1556790,222),(1556790,223),(1556790,228),(1556790,234),(1556790,237),(1556790,248),(1556790,287),(1556790,293),(1556790,294),(1556790,300),(1556790,325),(1562420,53),(1562420,108),(1562420,114),(1562420,119),(1562420,130),(1562420,157),(1562420,174),(1562420,180),(1562420,195),(1562420,211),(1562420,217),(1562420,248),(1562420,269),(1562420,279),(1562420,294),(1562420,299),(1562420,300),(1562420,327),(1562420,329),(1562420,340),(1567020,22),(1567020,78),(1567020,94),(1567020,104),(1567020,108),(1567020,110),(1567020,118),(1567020,130),(1567020,139),(1567020,163),(1567020,174),(1567020,212),(1567020,214),(1567020,217),(1567020,268),(1567020,282),(1567020,294),(1567020,336),(1567020,338),(1567020,340),(1574580,26),(1574580,31),(1574580,33),(1574580,35),(1574580,82),(1574580,93),(1574580,104),(1574580,110),(1574580,118),(1574580,183),(1574580,187),(1574580,193),(1574580,211),(1574580,217),(1574580,237),(1574580,268),(1574580,299),(1574580,311),(1574580,334),(1574580,340),(1577120,3),(1577120,48),(1577120,80),(1577120,94),(1577120,108),(1577120,110),(1577120,118),(1577120,122),(1577120,150),(1577120,160),(1577120,163),(1577120,195),(1577120,225),(1577120,251),(1577120,260),(1577120,268),(1577120,282),(1577120,294),(1577120,300),(1577120,340),(1588010,1),(1588010,10),(1588010,38),(1588010,86),(1588010,150),(1588010,157),(1588010,201),(1588010,218),(1588010,237),(1588010,272),(1588010,336),(1592190,15),(1592190,24),(1592190,42),(1592190,53),(1592190,83),(1592190,114),(1592190,118),(1592190,123),(1592190,150),(1592190,174),(1592190,217),(1592190,248),(1592190,260),(1592190,287),(1592190,293),(1592190,299),(1592190,311),(1592190,325),(1592190,338),(1592190,358),(1593500,22),(1593500,80),(1593500,114),(1593500,118),(1593500,119),(1593500,150),(1593500,154),(1593500,172),(1593500,185),(1593500,211),(1593500,217),(1593500,235),(1593500,244),(1593500,260),(1593500,272),(1593500,279),(1593500,306),(1593500,325),(1593500,336),(1593500,340),(1599600,38),(1599600,52),(1599600,96),(1599600,114),(1599600,136),(1599600,150),(1599600,181),(1599600,184),(1599600,190),(1599600,192),(1599600,201),(1599600,218),(1599600,221),(1599600,253),(1599600,265),(1599600,269),(1599600,315),(1599600,327),(1599600,341),(1599600,346),(1604030,15),(1604030,22),(1604030,52),(1604030,68),(1604030,114),(1604030,130),(1604030,150),(1604030,155),(1604030,157),(1604030,174),(1604030,185),(1604030,211),(1604030,221),(1604030,230),(1604030,258),(1604030,269),(1604030,279),(1604030,300),(1604030,327),(1604030,340),(1607890,17),(1607890,69),(1607890,114),(1607890,130),(1607890,136),(1607890,150),(1607890,197),(1607890,249),(1607890,269),(1607890,287),(1607890,300),(1607890,309),(1607890,341),(1621690,15),(1621690,26),(1621690,85),(1621690,91),(1621690,104),(1621690,130),(1621690,155),(1621690,181),(1621690,187),(1621690,190),(1621690,211),(1621690,217),(1621690,221),(1621690,237),(1621690,246),(1621690,265),(1621690,271),(1621690,327),(1621690,328),(1621690,340),(1629520,26),(1629520,27),(1629520,67),(1629520,93),(1629520,109),(1629520,150),(1629520,159),(1629520,187),(1629520,192),(1629520,265),(1629520,271),(1629520,276),(1629520,278),(1629520,287),(1629520,300),(1629520,311),(1629520,345),(1629520,346),(1629520,354),(1629520,360),(1649080,4),(1649080,15),(1649080,36),(1649080,41),(1649080,96),(1649080,140),(1649080,150),(1649080,159),(1649080,192),(1649080,216),(1649080,221),(1649080,223),(1649080,237),(1649080,253),(1649080,265),(1649080,284),(1649080,287),(1649080,289),(1649080,322),(1649080,346),(1656330,17),(1656330,27),(1656330,69),(1656330,114),(1656330,118),(1656330,123),(1656330,150),(1656330,185),(1656330,217),(1656330,226),(1656330,248),(1656330,269),(1656330,293),(1656330,300),(1656330,340),(1656370,17),(1656370,27),(1656370,69),(1656370,114),(1656370,123),(1656370,293),(1656370,340),(1657630,26),(1657630,93),(1657630,114),(1657630,119),(1657630,123),(1657630,147),(1657630,150),(1657630,159),(1657630,174),(1657630,185),(1657630,192),(1657630,217),(1657630,221),(1657630,237),(1657630,248),(1657630,265),(1657630,300),(1657630,306),(1657630,340),(1657630,358),(1659040,15),(1659040,34),(1659040,53),(1659040,61),(1659040,80),(1659040,94),(1659040,114),(1659040,150),(1659040,163),(1659040,185),(1659040,247),(1659040,260),(1659040,286),(1659040,293),(1659040,300),(1659040,309),(1659040,311),(1659040,336),(1659040,340),(1659040,346),(1659420,21),(1659420,34),(1659420,114),(1659420,118),(1659420,138),(1659420,150),(1659420,163),(1659420,174),(1659420,211),(1659420,217),(1659420,218),(1659420,293),(1659420,300),(1659420,309),(1659420,311),(1659420,325),(1659420,336),(1659420,340),(1659420,346),(1659420,358),(1687950,33),(1687950,57),(1687950,64),(1687950,69),(1687950,93),(1687950,110),(1687950,118),(1687950,150),(1687950,160),(1687950,169),(1687950,196),(1687950,208),(1687950,231),(1687950,242),(1687950,244),(1687950,260),(1687950,272),(1687950,326),(1687950,340),(1687950,344),(1692250,53),(1692250,86),(1692250,94),(1692250,124),(1692250,133),(1692250,150),(1692250,157),(1692250,203),(1692250,218),(1692250,237),(1692250,257),(1692250,269),(1692250,286),(1692250,300),(1692250,327),(1694420,16),(1694420,23),(1694420,48),(1694420,85),(1694420,130),(1694420,136),(1694420,150),(1694420,155),(1694420,237),(1694420,253),(1694420,287),(1694420,300),(1694420,305),(1694420,329),(1694420,340),(1694420,354),(1718570,7),(1718570,9),(1718570,13),(1718570,50),(1718570,114),(1718570,139),(1718570,144),(1718570,170),(1718570,172),(1718570,179),(1718570,187),(1718570,235),(1718570,241),(1718570,242),(1718570,264),(1718570,272),(1718570,291),(1718570,306),(1718570,310),(1718570,340),(1722860,22),(1722860,23),(1722860,36),(1722860,114),(1722860,136),(1722860,161),(1722860,187),(1722860,198),(1722860,208),(1722860,211),(1722860,227),(1722860,253),(1722860,265),(1722860,272),(1722860,302),(1722860,310),(1722860,328),(1722860,340),(1722860,346),(1722860,354),(1746860,69),(1746860,80),(1746860,118),(1746860,150),(1746860,158),(1746860,160),(1746860,167),(1746860,185),(1746860,217),(1746860,248),(1746860,251),(1746860,260),(1746860,270),(1746860,272),(1746860,289),(1746860,294),(1746860,306),(1746860,308),(1746860,336),(1746860,340),(1760250,10),(1760250,18),(1760250,86),(1760250,94),(1760250,96),(1760250,119),(1760250,150),(1760250,157),(1760250,201),(1760250,206),(1760250,231),(1760250,237),(1760250,269),(1760250,286),(1760250,300),(1760250,308),(1760250,320),(1760250,327),(1760250,329),(1760250,348),(1782120,15),(1782120,17),(1782120,60),(1782120,114),(1782120,130),(1782120,150),(1782120,174),(1782120,185),(1782120,195),(1782120,211),(1782120,217),(1782120,237),(1782120,253),(1782120,287),(1782120,293),(1782120,301),(1782120,315),(1782120,329),(1782120,340),(1782120,361),(1789480,17),(1789480,25),(1789480,31),(1789480,32),(1789480,48),(1789480,94),(1789480,112),(1789480,114),(1789480,123),(1789480,157),(1789480,185),(1789480,214),(1789480,217),(1789480,223),(1789480,248),(1789480,293),(1789480,325),(1789480,332),(1789480,335),(1789480,361),(1793030,29),(1793030,57),(1793030,64),(1793030,110),(1793030,118),(1793030,119),(1793030,139),(1793030,150),(1793030,231),(1793030,242),(1793030,272),(1793030,305),(1793030,306),(1793030,358),(1794680,4),(1794680,11),(1794680,68),(1794680,114),(1794680,132),(1794680,136),(1794680,150),(1794680,184),(1794680,187),(1794680,218),(1794680,235),(1794680,240),(1794680,258),(1794680,263),(1794680,265),(1794680,271),(1794680,272),(1794680,287),(1794680,329),(1794680,341),(1802870,16),(1802870,59),(1802870,139),(1802870,150),(1802870,160),(1802870,163),(1802870,169),(1802870,187),(1802870,188),(1802870,189),(1802870,192),(1802870,217),(1802870,237),(1802870,251),(1802870,265),(1802870,287),(1802870,334),(1802870,340),(1802870,344),(1802870,345),(1811260,10),(1811260,18),(1811260,81),(1811260,86),(1811260,94),(1811260,96),(1811260,150),(1811260,157),(1811260,201),(1811260,218),(1811260,228),(1811260,231),(1811260,237),(1811260,269),(1811260,279),(1811260,286),(1811260,300),(1811260,327),(1811260,336),(1811260,348),(1817070,34),(1817070,69),(1817070,114),(1817070,118),(1817070,125),(1817070,138),(1817070,150),(1817070,160),(1817070,174),(1817070,185),(1817070,197),(1817070,200),(1817070,211),(1817070,217),(1817070,254),(1817070,265),(1817070,325),(1817070,336),(1817070,340),(1817070,346),(1817190,34),(1817190,69),(1817190,114),(1817190,118),(1817190,125),(1817190,138),(1817190,150),(1817190,174),(1817190,175),(1817190,185),(1817190,188),(1817190,197),(1817190,200),(1817190,211),(1817190,254),(1817190,300),(1817190,325),(1817190,336),(1817190,340),(1824060,114),(1824060,253),(1824060,260),(1824060,329),(1824220,20),(1824220,22),(1824220,25),(1824220,80),(1824220,114),(1824220,119),(1824220,123),(1824220,129),(1824220,179),(1824220,217),(1824220,223),(1824220,234),(1824220,248),(1824220,289),(1824220,296),(1824220,300),(1824220,308),(1824220,325),(1824220,335),(1824220,336),(1826140,150),(1826140,237),(1826140,253),(1826140,287),(1826140,349),(1846380,60),(1846380,86),(1846380,87),(1846380,114),(1846380,124),(1846380,132),(1846380,150),(1846380,185),(1846380,203),(1846380,217),(1846380,218),(1846380,231),(1846380,237),(1846380,265),(1846380,300),(1846380,308),(1846380,320),(1846380,327),(1846380,340),(1846380,352),(1850570,26),(1850570,69),(1850570,114),(1850570,118),(1850570,150),(1850570,160),(1850570,163),(1850570,167),(1850570,174),(1850570,185),(1850570,197),(1850570,211),(1850570,217),(1850570,294),(1850570,300),(1850570,301),(1850570,309),(1850570,325),(1850570,336),(1850570,340),(1868140,96),(1868140,111),(1868140,118),(1868140,136),(1868140,150),(1868140,174),(1868140,209),(1868140,211),(1868140,271),(1868140,272),(1868140,287),(1868140,325),(1868140,329),(1868140,340),(1868140,353),(1874490,23),(1874490,54),(1874490,59),(1874490,96),(1874490,150),(1874490,155),(1874490,178),(1874490,206),(1874490,231),(1874490,237),(1874490,247),(1874490,253),(1874490,261),(1874490,272),(1874490,280),(1874490,287),(1874490,306),(1874490,344),(1874490,358),(1874490,360),(1880360,71),(1880360,114),(1880360,269),(1880360,272),(1880360,300),(1880360,308),(1889490,96),(1889490,101),(1889490,118),(1889490,141),(1889490,150),(1889490,181),(1889490,185),(1889490,197),(1889490,202),(1889490,211),(1889490,217),(1889490,221),(1889490,237),(1889490,239),(1889490,253),(1889490,264),(1889490,300),(1889490,332),(1889490,340),(1889490,357),(1904540,16),(1904540,18),(1904540,81),(1904540,86),(1904540,96),(1904540,119),(1904540,150),(1904540,168),(1904540,187),(1904540,237),(1904540,253),(1904540,300),(1904540,306),(1904540,348),(1919590,10),(1919590,18),(1919590,38),(1919590,66),(1919590,86),(1919590,94),(1919590,96),(1919590,119),(1919590,150),(1919590,157),(1919590,201),(1919590,218),(1919590,228),(1919590,237),(1919590,269),(1919590,286),(1919590,300),(1919590,308),(1919590,317),(1919590,327),(1938090,25),(1938090,80),(1938090,94),(1938090,114),(1938090,118),(1938090,123),(1938090,150),(1938090,188),(1938090,217),(1938090,223),(1938090,241),(1938090,248),(1938090,260),(1938090,269),(1938090,293),(1938090,300),(1938090,309),(1938090,327),(1938090,335),(1938090,336),(1939160,57),(1939160,82),(1939160,110),(1939160,118),(1939160,143),(1939160,150),(1939160,183),(1939160,185),(1939160,187),(1939160,193),(1939160,208),(1939160,218),(1939160,268),(1939160,272),(1939160,289),(1939160,303),(1939160,308),(1939160,311),(1939160,340),(1939160,346),(1942280,36),(1942280,39),(1942280,48),(1942280,114),(1942280,117),(1942280,181),(1942280,184),(1942280,187),(1942280,192),(1942280,218),(1942280,263),(1942280,265),(1942280,272),(1942280,301),(1942280,312),(1942280,315),(1942280,325),(1942280,341),(1942280,346),(1942280,354),(1954200,35),(1954200,104),(1954200,114),(1954200,118),(1954200,119),(1954200,135),(1954200,150),(1954200,154),(1954200,163),(1954200,174),(1954200,211),(1954200,217),(1954200,218),(1954200,287),(1954200,306),(1954200,314),(1954200,325),(1954200,336),(1954200,340),(1954200,358),(1987080,53),(1987080,67),(1987080,104),(1987080,108),(1987080,118),(1987080,119),(1987080,123),(1987080,195),(1987080,197),(1987080,211),(1987080,217),(1987080,248),(1987080,269),(1987080,279),(1987080,294),(1987080,299),(1987080,300),(1987080,311),(1987080,327),(1987080,340),(1993150,48),(1993150,68),(1993150,119),(1993150,136),(1993150,150),(1993150,172),(1993150,185),(1993150,268),(1993150,272),(1993150,287),(1993150,308),(1993150,314),(1993150,321),(1993150,325),(1993150,329),(1993150,332),(1993150,340),(2017220,86),(2017220,237),(2017220,253),(2024410,237),(2060130,8),(2060130,36),(2060130,49),(2060130,58),(2060130,67),(2060130,82),(2060130,93),(2060130,118),(2060130,139),(2060130,150),(2060130,159),(2060130,187),(2060130,214),(2060130,265),(2060130,268),(2060130,289),(2060130,311),(2060130,340),(2060130,346),(2060130,354),(2066020,42),(2066020,68),(2066020,97),(2066020,114),(2066020,117),(2066020,119),(2066020,132),(2066020,136),(2066020,150),(2066020,155),(2066020,184),(2066020,218),(2066020,235),(2066020,240),(2066020,263),(2066020,272),(2066020,287),(2066020,315),(2066020,339),(2066020,341),(2074340,253),(2074340,272),(2074890,26),(2074890,73),(2074890,102),(2074890,132),(2074890,150),(2074890,160),(2074890,187),(2074890,188),(2074890,189),(2074890,192),(2074890,231),(2074890,237),(2074890,251),(2074890,260),(2074890,263),(2074890,265),(2074890,287),(2074890,293),(2074890,346),(2074890,354),(2091330,130),(2091330,237),(2091330,253),(2091330,287),(2091330,340),(2109460,54),(2109460,59),(2109460,91),(2109460,118),(2109460,150),(2109460,160),(2109460,178),(2109460,187),(2109460,188),(2109460,189),(2109460,211),(2109460,227),(2109460,231),(2109460,237),(2109460,251),(2109460,265),(2109460,271),(2109460,272),(2109460,344),(2109460,354),(2127790,80),(2127790,114),(2127790,188),(2127790,260),(2139266,80),(2139266,114),(2139266,260),(2149830,15),(2149830,50),(2149830,53),(2149830,68),(2149830,77),(2149830,94),(2149830,119),(2149830,131),(2149830,150),(2149830,160),(2149830,206),(2149830,237),(2149830,248),(2149830,251),(2149830,281),(2149830,286),(2149830,306),(2149830,330),(2149830,336),(2149830,344),(2151580,40),(2151580,48),(2151580,114),(2151580,136),(2151580,145),(2151580,150),(2151580,172),(2151580,187),(2151580,263),(2151580,265),(2151580,271),(2151580,280),(2151580,287),(2151580,329),(2151580,341),(2194700,15),(2194700,54),(2194700,59),(2194700,73),(2194700,86),(2194700,96),(2194700,119),(2194700,121),(2194700,150),(2194700,160),(2194700,188),(2194700,206),(2194700,217),(2194700,237),(2194700,251),(2194700,265),(2194700,286),(2194700,303),(2194700,308),(2194700,344),(2197970,80),(2197970,114),(2197970,230),(2197970,237),(2197970,253),(2197970,260),(2197970,287),(2209680,0),(2209680,5),(2209680,17),(2209680,25),(2209680,31),(2209680,94),(2209680,97),(2209680,114),(2209680,119),(2209680,123),(2209680,163),(2209680,217),(2209680,223),(2209680,234),(2209680,237),(2209680,248),(2209680,265),(2209680,293),(2209680,297),(2209680,335);
/*!40000 ALTER TABLE `game_type` ENABLE KEYS */;
UNLOCK TABLES;

--
-- Table structure for table `login`
--

DROP TABLE IF EXISTS `login`;
/*!40101 SET @saved_cs_client     = @@character_set_client */;
/*!50503 SET character_set_client = utf8mb4 */;
CREATE TABLE `login` (
  `username` varchar(20) NOT NULL,
  `password` varchar(20) NOT NULL,
  PRIMARY KEY (`username`)
) ENGINE=InnoDB DEFAULT CHARSET=utf8mb4 COLLATE=utf8mb4_0900_ai_ci;
/*!40101 SET character_set_client = @saved_cs_client */;

--
-- Dumping data for table `login`
--

LOCK TABLES `login` WRITE;
/*!40000 ALTER TABLE `login` DISABLE KEYS */;
INSERT INTO `login` VALUES ('kobe','1');
/*!40000 ALTER TABLE `login` ENABLE KEYS */;
UNLOCK TABLES;

--
-- Table structure for table `meta`
--

DROP TABLE IF EXISTS `meta`;
/*!40101 SET @saved_cs_client     = @@character_set_client */;
/*!50503 SET character_set_client = utf8mb4 */;
CREATE TABLE `meta` (
  `stub` int DEFAULT NULL,
  `con_cnt` int DEFAULT NULL,
  `pub_cnt` int DEFAULT NULL,
  `dev_cnt` int DEFAULT NULL,
  `cate_cnt` int DEFAULT NULL,
  `game_cnt` int DEFAULT NULL
) ENGINE=InnoDB DEFAULT CHARSET=utf8mb4 COLLATE=utf8mb4_0900_ai_ci;
/*!40101 SET character_set_client = @saved_cs_client */;

--
-- Dumping data for table `meta`
--

LOCK TABLES `meta` WRITE;
/*!40000 ALTER TABLE `meta` DISABLE KEYS */;
INSERT INTO `meta` VALUES (0,0,149,290,362,2300000);
/*!40000 ALTER TABLE `meta` ENABLE KEYS */;
UNLOCK TABLES;

--
-- Table structure for table `prefer`
--

DROP TABLE IF EXISTS `prefer`;
/*!40101 SET @saved_cs_client     = @@character_set_client */;
/*!50503 SET character_set_client = utf8mb4 */;
CREATE TABLE `prefer` (
  `con_id` int NOT NULL,
  `cate_id` int NOT NULL,
  PRIMARY KEY (`con_id`,`cate_id`)
) ENGINE=InnoDB DEFAULT CHARSET=utf8mb4 COLLATE=utf8mb4_0900_ai_ci;
/*!40101 SET character_set_client = @saved_cs_client */;

--
-- Dumping data for table `prefer`
--

LOCK TABLES `prefer` WRITE;
/*!40000 ALTER TABLE `prefer` DISABLE KEYS */;
/*!40000 ALTER TABLE `prefer` ENABLE KEYS */;
UNLOCK TABLES;

--
-- Table structure for table `promote`
--

DROP TABLE IF EXISTS `promote`;
/*!40101 SET @saved_cs_client     = @@character_set_client */;
/*!50503 SET character_set_client = utf8mb4 */;
CREATE TABLE `promote` (
  `pub_id` int NOT NULL,
  `sec_id` int NOT NULL,
  `game_id` int NOT NULL,
  PRIMARY KEY (`pub_id`,`sec_id`,`game_id`)
) ENGINE=InnoDB DEFAULT CHARSET=utf8mb4 COLLATE=utf8mb4_0900_ai_ci;
/*!40101 SET character_set_client = @saved_cs_client */;

--
-- Dumping data for table `promote`
--

LOCK TABLES `promote` WRITE;
/*!40000 ALTER TABLE `promote` DISABLE KEYS */;
/*!40000 ALTER TABLE `promote` ENABLE KEYS */;
UNLOCK TABLES;

--
-- Table structure for table `publisher`
--

DROP TABLE IF EXISTS `publisher`;
/*!40101 SET @saved_cs_client     = @@character_set_client */;
/*!50503 SET character_set_client = utf8mb4 */;
CREATE TABLE `publisher` (
  `ID` int NOT NULL,
  `name` varchar(70) NOT NULL,
  PRIMARY KEY (`ID`)
) ENGINE=InnoDB DEFAULT CHARSET=utf8mb4 COLLATE=utf8mb4_0900_ai_ci;
/*!40101 SET character_set_client = @saved_cs_client */;

--
-- Dumping data for table `publisher`
--

LOCK TABLES `publisher` WRITE;
/*!40000 ALTER TABLE `publisher` DISABLE KEYS */;
INSERT INTO `publisher` VALUES (0,'Electronic Arts'),(1,'Xbox Game Studios'),(2,'2K'),(3,'SEGA'),(4,'Team17'),(5,'Bethesda Softworks'),(6,'Ubisoft'),(7,'Rebellion'),(8,'Paradox Interactive'),(9,'PlayStation PC LLC'),(10,'Square Enix'),(11,'Activision'),(12,'Bandai Namco Entertainment'),(13,'Warner Bros. Games'),(14,'Coffee Stain Publishing'),(15,'CAPCOM Co., Ltd.'),(16,'Focus Entertainment'),(17,'Ludeon Studios'),(18,'Devolver Digital'),(19,'505 Games'),(20,'Feral Interactive (Mac)'),(21,'Feral Interactive (Linux)'),(22,'Humble Games'),(23,'Fatshark'),(24,'Rockstar Games'),(25,'Hinterland Studio Inc.'),(26,'CD PROJEKT RED'),(27,'Giants Software'),(28,'Annapurna Interactive'),(29,'Finji'),(30,'Warner Bros. Interactive Entertainment'),(31,'Arc System Works'),(32,'Studio Wildcard'),(33,'Aspyr (Mac)'),(34,'SCS Software'),(35,'BlackMill Games'),(36,'Daedalic Entertainment'),(37,'Private Division'),(38,'Gearbox Publishing'),(39,'Bohemia Interactive'),(40,'Larian Studios'),(41,'Valve'),(42,'Frontier Developments'),(43,'Alawar Premium'),(44,'PLAYISM'),(45,'Crate Entertainment'),(46,'Bungie'),(47,'astragon Entertainment'),(48,'PlayWay S.A.'),(49,' KRAFTON, Inc.'),(50,'FromSoftware Inc.'),(51,'Behaviour Interactive Inc.'),(52,'NetEase Games Global'),(53,'Wallpaper Engine Team'),(54,'Supergiant Games'),(55,'Facepunch Studios'),(56,'Feral Interactive'),(57,'Pearl Abyss'),(58,'Hello Games'),(59,'Ember Lab'),(60,'艺龙游戏'),(61,'VOID Interactive'),(62,'Axolot Games'),(63,'Saber Interactive Inc'),(64,'Tuxedo Labs'),(65,'Gamepires'),(66,'Kinetic Games'),(67,'META Publishing'),(68,'Owlcat Games'),(69,'Amazon Games'),(70,'GSC Game World'),(71,'ConcernedApe'),(72,'Aspyr (Linux)'),(73,'Kubold'),(74,'Klei Entertainment'),(75,'Expansive Worlds'),(76,'Endnight Games Ltd'),(77,'vamX'),(78,'Re-Logic'),(79,'Asymmetric'),(80,'Studio MDHR Entertainment Inc.'),(81,'Funcom'),(82,'Stress Level Zero'),(83,'RockGame S.A.'),(84,'Jordy Lakiere'),(85,'Modern Wolf'),(86,'BeamNG'),(87,'inXile Entertainment'),(88,'TaleWorlds Entertainment'),(89,'Crytek'),(90,'Rebuilt Games'),(91,'Prime Matter'),(92,'Ninja Kiwi'),(93,'Yooreka Studio (China)'),(94,'Hooded Horse'),(95,'WhisperGames'),(96,'Innersloth'),(97,'poncle'),(98,'Kunos Simulazioni'),(99,'Walternate Realities'),(100,'Nicalis, Inc.'),(101,'Creepy Jar'),(102,'MrFatcat'),(103,'Dropsiick'),(104,'Wube Software LTD.'),(105,'MINTROCKET'),(106,'Offworld Industries'),(107,'Game Smithing Limited'),(108,'Starbreeze Publishing AB'),(109,'Beat Games'),(110,'Blobfish'),(111,'Yogscast Games'),(112,'Duoyi Games'),(113,'Pocketpair'),(114,'Gameloft'),(115,'Egosoft'),(116,'Kepler Interactive'),(117,'Flashbulb'),(118,'Bandai Namco Entertainment Europe'),(119,'The Fun Pimps Entertainment LLC'),(120,'Maxim Karpenko'),(121,'Monomi Park'),(122,'Private Division '),(123,'Excalibur Games'),(124,'Joey Drew Studios'),(125,'🚀 Raiser Games'),(126,'Activision (Excluding Japan and Asia)'),(127,'FromSoftware (Japan)'),(128,'方块游戏 (Asia)'),(129,'Matt Makes Games Inc.'),(130,'SNK CORPORATION'),(131,'Landfall'),(132,'FYQD-Studio'),(133,'Berserk Games'),(134,'WB Games'),(135,'Digital Confectioners'),(136,'FromSoftware, Inc.'),(137,'James Bendon'),(138,'WinterSpring Games'),(139,'Momentum Games'),(140,'Shiro Unlimited'),(141,'3909'),(142,'YooGame'),(143,'11 bit studios'),(144,'Motion Twin'),(145,'Stunlock Studios'),(146,'Dotemu'),(147,'Gamera Games'),(148,'Oppai-Man'),(149,'Frontier Foundry');
/*!40000 ALTER TABLE `publisher` ENABLE KEYS */;
UNLOCK TABLES;

--
-- Table structure for table `purchase`
--

DROP TABLE IF EXISTS `purchase`;
/*!40101 SET @saved_cs_client     = @@character_set_client */;
/*!50503 SET character_set_client = utf8mb4 */;
CREATE TABLE `purchase` (
  `con_id` int NOT NULL,
  `game_id` int NOT NULL,
  `date` varchar(20) NOT NULL,
  PRIMARY KEY (`con_id`,`game_id`)
) ENGINE=InnoDB DEFAULT CHARSET=utf8mb4 COLLATE=utf8mb4_0900_ai_ci;
/*!40101 SET character_set_client = @saved_cs_client */;

--
-- Dumping data for table `purchase`
--

LOCK TABLES `purchase` WRITE;
/*!40000 ALTER TABLE `purchase` DISABLE KEYS */;
/*!40000 ALTER TABLE `purchase` ENABLE KEYS */;
UNLOCK TABLES;

--
-- Table structure for table `rate`
--

DROP TABLE IF EXISTS `rate`;
/*!40101 SET @saved_cs_client     = @@character_set_client */;
/*!50503 SET character_set_client = utf8mb4 */;
CREATE TABLE `rate` (
  `con_id` int NOT NULL,
  `game_id` int NOT NULL,
  `score` decimal(2,1) NOT NULL,
  PRIMARY KEY (`con_id`,`game_id`)
) ENGINE=InnoDB DEFAULT CHARSET=utf8mb4 COLLATE=utf8mb4_0900_ai_ci;
/*!40101 SET character_set_client = @saved_cs_client */;

--
-- Dumping data for table `rate`
--

LOCK TABLES `rate` WRITE;
/*!40000 ALTER TABLE `rate` DISABLE KEYS */;
/*!40000 ALTER TABLE `rate` ENABLE KEYS */;
UNLOCK TABLES;
/*!40103 SET TIME_ZONE=@OLD_TIME_ZONE */;

/*!40101 SET SQL_MODE=@OLD_SQL_MODE */;
/*!40014 SET FOREIGN_KEY_CHECKS=@OLD_FOREIGN_KEY_CHECKS */;
/*!40014 SET UNIQUE_CHECKS=@OLD_UNIQUE_CHECKS */;
/*!40101 SET CHARACTER_SET_CLIENT=@OLD_CHARACTER_SET_CLIENT */;
/*!40101 SET CHARACTER_SET_RESULTS=@OLD_CHARACTER_SET_RESULTS */;
/*!40101 SET COLLATION_CONNECTION=@OLD_COLLATION_CONNECTION */;
/*!40111 SET SQL_NOTES=@OLD_SQL_NOTES */;

-- Dump completed on 2022-12-23  8:55:38
